Book Id,Title,Author,Author l-f,Additional Authors,ISBN,ISBN13,My Rating,Average Rating,Publisher,Binding,Number of Pages,Year Published,Original Publication Year,Date Read,Date Added,Bookshelves,Bookshelves with positions,Exclusive Shelf,My Review,Spoiler,Private Notes,Read Count,Owned Copies
233717140,Good People,Patmeena Sabit,"Sabit, Patmeena",,"=""0593801067""","=""9780593801062""",0,4.26,Crown,Hardcover,400,2026,2026,2026/02/27,2026/02/27,,,read,,,,1,0
23209971,Girl at War,Sara Nović,"Nović, Sara",,"=""0812996348""","=""9780812996340""",0,4.02,Random House,Hardcover,320,2015,2015,2026/02/15,2026/02/15,,,read,,,,1,0
217163697,My Friends,Fredrik Backman,"Backman, Fredrik",Neil   Smith,"=""1982112824""","=""9781982112820""",0,4.36,Atria Books,Hardcover,436,2025,2025,2026/02/09,2026/01/29,,,read,,,,1,0
52085140,The Unselected Journals of Emma M. Lion: Vol. 1,Beth Brower,"Brower, Beth",,"=""0998063614""","=""9780998063614""",0,4.08,Rhysdon Press,Paperback,125,2019,2019,2026/01/28,2026/01/29,,,read,,,,1,0
61346151,The White Lady,Jacqueline Winspear,"Winspear, Jacqueline",,"=""0062867989""","=""9780062867988""",0,4.07,Harper,Hardcover,321,2023,2023,2026/01/26,2026/01/29,,,read,,,,1,0
39087664,"The American Agent (Maisie Dobbs, #15)",Jacqueline Winspear,"Winspear, Jacqueline",,"=""0062436694""","=""9780062436696""",0,4.32,Harper,ebook,400,2019,2019,2026/01/20,2026/01/20,,,read,,,,1,0
60899502,"A World of Curiosities (Chief Inspector Armand Gamache, #18)",Louise Penny,"Penny, Louise",,"=""1250145295""","=""9781250145291""",0,4.44,Minotaur Books,Hardcover,390,2022,2022,2026/01/14,2026/01/10,,,read,,,,1,0
17167084,"How the Light Gets In (Chief Inspector Armand Gamache, #9)",Louise Penny,"Penny, Louise",,"=""0312655479""","=""9780312655471""",0,4.48,Minotaur Books,Hardcover,405,2013,2013,2026/01/07,2026/01/10,,,read,,,,1,0
220239083,"A Marriage at Sea: A True Story of Love, Obsession, and Shipwreck",Sophie Elmhirst,"Elmhirst, Sophie",,"=""0593854284""","=""9780593854280""",0,3.84,Riverhead Books,Hardcover,256,2025,2024,2025/07/30,2025/07/30,,,read,,,,1,0
218671850,So Far Gone,Jess Walter,"Walter, Jess",,"=""0062868144""","=""9780062868145""",0,3.94,Harper,Hardcover,257,2025,2025,2025/07/11,2025/07/11,,,read,,,,1,0
2956,"The Adventures of Huckleberry Finn (Adventures of Tom and Huck, #2)",Mark Twain,"Twain, Mark","Guy Cardwell, E.W. Kemble, John Seelye, Walter Trier, Tom Wilson, William Little Hughes","=""0142437174""","=""9780142437179""",0,3.83,Penguin Classics,Paperback,327,2002,1885,2025/07/02,2025/07/02,,,read,,,,1,0
173754979,James,Percival Everett,"Everett, Percival",,"=""0385550367""","=""9780385550369""",0,4.43,Knopf Doubleday,Hardcover,303,2024,2024,2025/06/24,2025/06/24,,,read,,,,1,0
217245618,The Names,Florence Knapp,"Knapp, Florence",,"=""0593833902""","=""9780593833902""",0,4.14,Pamela Dorman Books,Hardcover,328,2025,2025,2025/06/13,2025/06/21,,,read,,,,1,0
55650158,Take My Hand,Dolen Perkins-Valdez,"Perkins-Valdez, Dolen",,"=""0593337697""","=""9780593337691""",0,4.36,Berkley,Hardcover,368,2022,2022,2025/06/20,2025/06/20,,,read,,,,1,0
219848315,The Emperor of Gladness,Ocean Vuong,"Vuong, Ocean",,"=""059383187X""","=""9780593831878""",0,3.89,Penguin Press,Hardcover,402,2025,2025,2025/06/07,2025/06/07,,,read,,,,1,0
10023183,A Woman of Consequence (A Dido Kent Mystery #3),Anna Dean,"Dean, Anna",,"=""0749008199""","=""9780749008192""",0,3.94,a&b,Hardcover,384,2010,2010,,2025/04/10,did-not-finish,did-not-finish (#53),did-not-finish,,,,1,0
40595446,A Woman of No Importance: The Untold Story of the American Spy Who Helped Win World War II,Sonia Purnell,"Purnell, Sonia",,"=""073522529X""","=""9780735225299""",0,4.15,Viking,Hardcover,352,2019,2019,2025/04/17,2025/05/24,,,read,,,,1,0
60784605,Maame,Jessica George,"George, Jessica",,"=""""","=""""",0,4.05,St. Martin's Press,Hardcover,320,2023,2023,2025/05/21,2025/05/21,,,read,,,,1,0
216970860,Girl on Girl: How Pop Culture Turned a Generation of Women Against Themselves,Sophie Gilbert,"Gilbert, Sophie",,"=""0593656296""","=""9780593656297""",0,3.91,Penguin Press,Hardcover,352,2025,2025,2025/05/10,2025/05/10,,,read,,,,1,0
55098820,My Heart,Semezdin Mehmedinović,"Mehmedinović, Semezdin","Celia Hawkesworth, Aleksandar Hemon","=""1646220072""","=""9781646220076""",0,4.30,Catapult,Hardcover,228,2021,2021,,2021/04/23,to-read,to-read (#31),to-read,,,,0,0
197798168,All Fours,Miranda July,"July, Miranda",,"=""0593190262""","=""9780593190265""",5,3.40,Riverhead Books,Hardcover,336,2024,2024,2025/04/26,2025/04/24,,,read,,,,1,0
28505023,The Fire This Time: A New Generation Speaks About Race,Jesmyn Ward,"Ward, Jesmyn",,"=""1501126342""","=""9781501126345""",0,4.35,Scribner,Hardcover,226,2016,2016,2025/04/17,2025/04/17,,,read,,,,1,0
216818514,"Mad House: How Donald Trump, MAGA Mean Girls, a Former Used Car Salesman, a Florida Nepo Baby, and a Man with Rats in His Walls Broke Congress",Annie Karni,"Karni, Annie",Luke Broadwater,"=""0593731263""","=""9780593731260""",3,4.03,Random House,Hardcover,320,2025,,2025/04/04,2025/04/03,,,read,,,,1,0
214537790,The Antidote,Karen Russell,"Russell, Karen",,"=""059380225X""","=""9780593802250""",0,3.90,Knopf,Hardcover,432,2025,2025,2025/03/31,2025/03/31,,,read,,,,1,0
214325852,"Murder the Truth: Fear, the First Amendment, and a Secret Campaign to Protect the Powerful – An Essential Investigation of America's War on Journalism",David Enrich,"Enrich, David",,"=""0063433036""","=""9780063433038""",0,4.26,William Morrow Large Print,Paperback,592,2025,2025,2025/03/25,2025/03/25,,,read,,,,1,0
464260,The Fire Next Time (Vintage International),James Baldwin,"Baldwin, James",,"=""067974472X""","=""9780679744726""",5,4.55,Vintage,Paperback,106,1992,1963,2025/03/16,2025/03/16,,,read,,,,1,0
213870084,"One Day, Everyone Will Have Always Been Against This",Omar El Akkad,"Akkad, Omar El",,"=""0593804147""","=""9780593804148""",4,4.59,Knopf,Hardcover,208,2025,2025,2025/03/10,2025/03/07,,,read,,,,1,0
213870083,Show Don't Tell,Curtis Sittenfeld,"Sittenfeld, Curtis",,"=""0593446739""","=""9780593446737""",0,3.89,Random House,Hardcover,320,2025,2025,,2025/03/07,did-not-finish,did-not-finish (#52),did-not-finish,,,,0,0
203337138,By Any Other Name,Jodi Picoult,"Picoult, Jodi",,"=""0593497228""","=""9780593497227""",5,4.11,Ballantine Books,Kindle Edition,528,2024,2024,2025/02/20,2025/02/20,historical-fiction,historical-fiction (#8),read,,,,1,0
212923993,Mothers and Sons,Adam Haslett,"Haslett, Adam",,"=""0316574716""","=""9780316574716""",4,3.72,"Little, Brown and Company",Hardcover,336,2025,2025,2025/02/27,2025/02/27,,,read,,,,1,0
2142191,Ex-Wife,Ursula Parrott,"Parrott, Ursula",,"=""0452262240""","=""9780452262249""",0,4.13,Plume,Paperback,224,1989,1929,2025/03/04,2025/03/04,,,read,,,,1,0
216165554,My Roman Year,André Aciman,"Aciman, André",,"=""0571385184""","=""9780571385188""",0,3.81,FABER AND FABER,Paperback,354,2024,2024,2025/01/25,2025/01/25,,,read,,,,1,0
201626923,Glory Days: Stories,Simon Rich,"Rich, Simon",,"=""0316569003""","=""9780316569002""",3,4.10,"Little, Brown and Company",Audiobook,224,2024,2024,2025/01/08,2025/01/08,,,read,,,,1,0
29340182,Shrill: Notes from a Loud Woman,Lindy West,"West, Lindy",,"=""0316348406""","=""9780316348409""",0,4.16,Hachette,Hardcover,260,2016,2016,2024/12/16,2024/12/16,,,read,,,,1,0
29209,The Color of Water: A Black Man's Tribute to His White Mother,James   McBride,"McBride, James",,"=""1573225789""","=""9781573225786""",0,4.15,Riverhead Books,Paperback,291,1997,1996,2024/12/13,2024/12/12,,,read,,,,1,0
49362138,Honey Girl,Morgan  Rogers,"Rogers, Morgan",,"=""1488077509""","=""9781488077500""",0,3.65,Park Row Books,Kindle Edition,352,2021,2021,2024/12/12,2024/12/12,,,read,,,,1,0
73653350,Heavy: An American Memoir,Kiese Laymon,"Laymon, Kiese",,"=""""","=""""",0,4.47,Scribner,Kindle Edition,256,2018,2018,2024/12/05,2024/12/05,,,read,,,,1,0
138505710,Doppelganger: A Trip into the Mirror World,Naomi Klein,"Klein, Naomi",,"=""0374610320""","=""9780374610326""",0,4.19,"Farrar, Straus and Giroux",Hardcover,416,2023,2023,2024/11/30,2024/11/30,,,read,,,,1,0
61111274,Hijab Butch Blues,Lamya H.,"H., Lamya",,"=""0593448766""","=""9780593448762""",0,4.46,The Dial Press,Hardcover,284,2023,2023,2024/11/27,2024/11/27,,,read,,,,1,0
17150,My Ántonia,Willa Cather,"Cather, Willa",,"=""1583485090""","=""9781583485095""",0,3.85,Book of the Month Club,Paperback,219,1995,1918,2024/11/19,2024/11/19,,,read,,,,2,0
140963,O Pioneers!,Willa Cather,"Cather, Willa",,"=""0679743626""","=""9780679743620""",0,3.90,Vintage,Paperback,159,1992,1913,2024/11/14,2024/11/14,,,read,,,,1,0
67,The Known World,Edward P. Jones,"Jones, Edward P.",,"=""0061159174""","=""9780061159176""",0,3.84,Amistad,Paperback,388,2006,2003,2024/11/03,2024/11/03,,,read,,,,1,0
210943364,The Message,Ta-Nehisi Coates,"Coates, Ta-Nehisi",,"=""0593230388""","=""9780593230381""",5,4.49,One World,Hardcover,232,2024,2024,2024/10/20,2024/10/14,,,read,,,,1,0
25489025,The Vegetarian,Han Kang,"Kang, Han",Deborah Smith,"=""0553448188""","=""9780553448184""",5,3.65,Hogarth,Hardcover,158,2016,2007,2024/10/14,2017/01/13,,,read,,,,1,0
385255,"Random Family: Love, Drugs, Trouble, and Coming of Age in the Bronx",Adrian Nicole LeBlanc,"LeBlanc, Adrian Nicole",,"=""0743254430""","=""9780743254434""",5,4.26,Scribner,Paperback,409,2004,2003,2024/10/11,2024/10/10,,,read,,,,1,0
28007895,The Return,Hisham Matar,"Matar, Hisham",,"=""034580774X""","=""9780345807748""",5,4.16,Knopf Canada,Hardcover,256,2016,2016,2024/10/05,2024/10/05,,,read,,,,1,0
3009435,A Mercy,Toni Morrison,"Morrison, Toni",,"=""0307264238""","=""9780307264237""",5,3.77,Knopf,Hardcover,167,2008,2008,2024/09/23,2024/09/23,,,read,,,,1,0
11869272,"Behind the Beautiful Forevers: Life, Death, and Hope in a Mumbai Undercity",Katherine Boo,"Boo, Katherine",,"=""1400067553""","=""9781400067558""",5,3.98,Random House,Hardcover,278,2012,2012,2024/09/26,2024/09/26,,,read,,,,1,0
12991188,Train Dreams,Denis Johnson,"Johnson, Denis",,"=""1250007658""","=""9781250007650""",0,3.89,Picador Paper,Paperback,116,2012,2002,2024/09/07,2024/09/07,,,read,,,,1,0
8171378,The Warmth of Other Suns: The Epic Story of America's Great Migration,Isabel Wilkerson,"Wilkerson, Isabel",,"=""0679444327""","=""9780679444329""",5,4.48,Random House,Hardcover,640,2010,2010,2024/09/05,2024/08/30,,,read,,,,1,0
68210,"Gilead (Gilead, #1)",Marilynne Robinson,"Robinson, Marilynne",,"=""031242440X""","=""9780312424404""",0,3.85,Picador ,Paperback,247,2006,2004,2024/08/30,2024/08/30,,,read,,,,1,0
123036004,The Berry Pickers,Amanda    Peters,"Peters, Amanda",,"=""1646221958""","=""9781646221950""",5,4.08,Catapult,Hardcover,307,2023,2023,2024/08/11,2024/08/05,,,read,,,,1,0
1058564,The Lost Daughter,Elena Ferrante,"Ferrante, Elena",Ann Goldstein,"=""1933372427""","=""9781933372426""",4,3.73,Europa Editions,Paperback,144,2008,2006,2020/11/19,2020/11/17,,,read,,,,1,0
77920745,A Day in the Life of Abed Salama: Anatomy of a Jerusalem Tragedy,Nathan Thrall,"Thrall, Nathan",,"=""1250854970""","=""9781250854971""",4,4.35,Metropolitan Books,Hardcover,272,2023,2023,2024/01/29,2024/01/26,,,read,,,,1,0
168677579,Prequel: An American Fight Against Fascism,Rachel Maddow,"Maddow, Rachel",,"=""0593444515""","=""9780593444511""",5,4.41,Crown,Hardcover,416,2023,2023,2024/08/03,2024/08/03,,,read,,,,1,0
113877384,Sipsworth,Simon Van Booy,"Booy, Simon Van",,"=""1567927947""","=""9781567927948""",4,4.11,"David R. Godine, Publisher",Hardcover,224,2024,2024,2024/06/23,2024/06/23,,,read,,,,1,0
199798868,"Long Island (Eilis Lacey, #2)",Colm Tóibín,"Tóibín, Colm",,"=""1476785112""","=""9781476785110""",4,3.70,Scribner,Hardcover,294,2024,2024,2024/06/10,2024/06/10,,,read,,,,1,0
4954833,"Brooklyn (Eilis Lacey, #1)",Colm Tóibín,"Tóibín, Colm",,"=""1439138311""","=""9781439138311""",4,3.75,Scribner,Hardcover,262,2009,2009,2024/05/20,2024/05/20,,,read,,,,1,0
127305853,The Women,Kristin Hannah,"Hannah, Kristin",,"=""1250178630""","=""9781250178633""",4,4.59,St. Martin's Press,Hardcover,471,2024,2024,2024/05/05,2024/05/05,,,read,,,,1,0
61111247,Liliana's Invincible Summer: A Sister's Search for Justice,Cristina Rivera Garza,"Garza, Cristina Rivera",,"=""0593244095""","=""9780593244098""",5,4.33,Hogarth,Hardcover,320,2023,2021,2024/05/02,2024/05/01,,,read,,,,1,0
199344846,Knife: Meditations After an Attempted Murder,Salman Rushdie,"Rushdie, Salman",,"=""0593730240""","=""9780593730249""",4,3.98,Random House,Hardcover,209,2024,2024,2024/04/24,2024/04/24,,,read,,,,1,0
127282631,Grief Is for People,Sloane Crosley,"Crosley, Sloane",,"=""0374609845""","=""9780374609849""",4,3.84,MCD,Hardcover,208,2024,2024,2024/04/18,2024/04/18,,,read,,,,1,0
29780253,Born a Crime: Stories from a South African Childhood,Trevor Noah,"Noah, Trevor",,"=""0385689225""","=""9780385689229""",4,4.49,Doubleday Canada,Hardcover,289,2016,2016,2024/04/10,2024/04/07,,,read,,,,1,0
154486930,I Heard Her Call My Name: A Memoir of Transition,Lucy Sante,"Sante, Lucy",,"=""059349377X""","=""9780593493779""",4,3.53,Penguin Press,Kindle Edition,235,2024,2024,2024/04/03,2024/04/03,,,read,,,,1,0
123033397,Day,Michael Cunningham,"Cunningham, Michael",,"=""0399591346""","=""9780399591341""",0,3.53,Random House,Hardcover,273,2023,2023,,2024/03/31,did-not-finish,did-not-finish (#51),did-not-finish,,,,0,0
36692478,There There,Tommy Orange,"Orange, Tommy",,"=""""","=""""",5,3.97,Knopf,Hardcover,294,2018,2018,2019/01/01,2019/01/08,fiction,fiction (#20),read,,,,3,0
174147294,Wandering Stars,Tommy Orange,"Orange, Tommy",,"=""0593318250""","=""9780593318256""",4,3.81,Knopf,Hardcover,315,2024,2024,2024/03/26,2024/03/26,,,read,,,,1,0
62039166,The Bee Sting,Paul Murray,"Murray, Paul",,"=""0374600309""","=""9780374600303""",0,3.88,"Farrar, Straus and Giroux",Hardcover,645,2023,2023,2024/03/22,2024/03/22,,,read,,,,1,0
195791688,Burn Book: A Tech Love Story,Kara Swisher,"Swisher, Kara",,"=""1982163895""","=""9781982163891""",4,3.94,Simon & Schuster,Hardcover,305,2024,2024,2024/03/06,2024/03/06,,,read,,,,1,0
158875813,Prophet Song,Paul    Lynch,"Lynch, Paul",,"=""""","=""""",4,4.03,Oneworld Publications,ebook,259,2023,2023,2024/02/27,2024/02/27,,,read,,,,1,0
332613,One Flew Over the Cuckoo’s Nest,Ken Kesey,"Kesey, Ken",,"=""""","=""""",0,4.20,Signet,Mass Market Paperback,325,1963,1962,,2014/02/07,did-not-finish,did-not-finish (#50),did-not-finish,,,,0,0
958112,"Sacco and Vanzetti: The Men, the Murders, and the Judgment of Mankind",Bruce Watson,"Watson, Bruce",,"=""0670063533""","=""9780670063536""",5,3.91,Viking Adult,Hardcover,448,2007,2007,2024/02/19,2024/02/19,,,read,,,,1,0
191004852,Our Hidden Conversations: What Americans Really Think About Race and Identity,Michele Norris,"Norris, Michele",,"=""198215439X""","=""9781982154394""",4,4.61,Simon & Schuster,Hardcover,528,2024,2024,2024/02/16,2024/02/15,,,read,,,,1,0
17286683,Men We Reaped: A Memoir,Jesmyn Ward,"Ward, Jesmyn",,"=""160819521X""","=""9781608195213""",5,4.30,Bloomsbury USA,Hardcover,256,2013,2013,2024/02/13,2024/02/13,,,read,,,,1,0
11996,I Who Have Never Known Men,Jacqueline Harpman,"Harpman, Jacqueline",Ros Schwartz,"=""0380731819""","=""9780380731817""",4,4.08,Avon Eos,Mass Market Paperback,208,1998,1995,2024/02/06,2024/02/06,,,read,,,,1,0
58949461,In the Margins: On the Pleasures of Reading and Writing,Elena Ferrante,"Ferrante, Elena",Ann Goldstein,"=""1609457382""","=""9781609457389""",4,3.81,Europa Editions,Kindle Edition,160,2022,2021,2024/02/02,2024/02/02,,,read,,,,1,0
63249763,Waiting to Be Arrested at Night: A Uyghur Poet's Memoir of China's Genocide,Tahir Hamut Izgil,"Izgil, Tahir Hamut",Joshua L. Freeman,"=""0593491793""","=""9780593491799""",4,4.28,Penguin Press,Hardcover,272,2023,2023,2024/02/01,2024/02/01,,,read,,,,1,0
25622780,Wide Sargasso Sea,Jean Rhys,"Rhys, Jean",Edwidge Danticat,"=""0393352560""","=""9780393352566""",0,3.59,W. W. Norton & Company,Paperback,176,2016,1966,2024/01/29,2024/01/29,,,read,,,,1,0
747746,The Curious Case of Benjamin Button,F. Scott Fitzgerald,"Fitzgerald, F. Scott",Calef Brown,"=""1416556052""","=""9781416556053""",4,3.57,Scribner,Paperback,56,2007,1922,2024/01/20,2024/01/20,,,read,,,,1,0
86512061,Everything/Nothing/Someone,Alice Carrière,"Carrière, Alice",,"=""1954118295""","=""9781954118294""",4,4.00,Spiegel & Grau,Hardcover,277,2023,2023,2024/01/23,2024/01/23,,,read,,,,1,0
127282939,Beautyland,Marie-Helene Bertino,"Bertino, Marie-Helene",,"=""0374109281""","=""9780374109288""",0,4.06,"Farrar, Straus and Giroux",Hardcover,327,2024,2024,,2024/01/20,did-not-finish,did-not-finish (#49),did-not-finish,,,,0,0
61724281,"The Best Minds: A Story of Friendship, Madness, and the Tragedy of Good Intentions",Jonathan Rosen,"Rosen, Jonathan",,"=""1594206570""","=""9781594206573""",5,4.03,Penguin Press,Hardcover,576,2023,2023,2024/01/19,2024/01/18,,,read,,,,1,0
63880836,The Postcard,Anne Berest,"Berest, Anne",Tina Kover,"=""""","=""""",4,4.35,Europa Editions,Hardcover,464,2023,2021,2024/01/16,2024/01/16,,,read,,,,1,0
62919742,How to Say Babylon,Safiya Sinclair,"Sinclair, Safiya",,"=""1982132337""","=""9781982132330""",5,4.43,37 Ink,Hardcover,352,2023,2023,2024/01/11,2024/01/11,,,read,,,,1,0
124961437,Some People Need Killing: A Memoir of Murder in My Country,Patricia Evangelista,"Evangelista, Patricia",,"=""0593133137""","=""9780593133132""",5,4.20,Random House,Hardcover,428,2023,2023,2024/01/05,2024/01/05,,,read,,,,1,0
37380,The Heart Is a Lonely Hunter,Carson McCullers,"McCullers, Carson",,"=""0618084746""","=""9780618084746""",4,3.99,Mariner Books,Paperback,359,1961,1940,2023/12/31,2023/12/28,,,read,,,,1,0
65678550,The Heaven & Earth Grocery Store,James   McBride,"McBride, James",,"=""0593422945""","=""9780593422946""",5,3.91,Riverhead Books,Hardcover,400,2023,2023,2023/09/25,2023/09/22,,,read,,,,1,0
3698,The Quiet American,Graham Greene,"Greene, Graham",Robert  Stone,"=""0143039024""","=""9780143039020""",4,3.98,Penguin Classics Deluxe Editions,Paperback,180,2004,1955,2023/12/23,2023/12/23,,,read,,,,1,0
6288,The Road,Cormac McCarthy,"McCarthy, Cormac",,"=""0307265439""","=""9780307265432""",5,4.00,Alfred A. Knopf,Hardcover,241,2006,2006,2023/12/26,2023/12/26,,,read,,,,1,0
71872930,North Woods,Daniel       Mason,"Mason, Daniel",,"=""0593597036""","=""9780593597033""",5,4.10,Random House,Hardcover,372,2023,2023,2023/12/19,2023/12/19,,,read,,,,1,0
87556695,Let Us Descend,Jesmyn Ward,"Ward, Jesmyn",,"=""198210449X""","=""9781982104498""",4,3.69,Scribner,Hardcover,305,2023,2023,2023/12/13,2023/12/12,,,read,,,,1,0
101404407,Absolution,Alice McDermott,"McDermott, Alice",,"=""0374610487""","=""9780374610487""",4,3.75,"Farrar, Straus and Giroux",Hardcover,324,2023,2023,2023/12/12,2023/12/12,,,read,,,,1,0
125077431,Roman Stories,Jhumpa Lahiri,"Lahiri, Jhumpa",Todd Portnowitz,"=""""","=""9780593536322""",5,3.78,Knopf,Hardcover,224,2023,2023,2023/12/03,2023/12/03,,,read,,,,1,0
66086834,The Fraud,Zadie Smith,"Smith, Zadie",,"=""""","=""""",0,3.26,Penguin Press,Hardcover,464,2023,2023,2023/11/25,2023/11/25,,,read,,,,1,0
62952130,The Vaster Wilds,Lauren Groff,"Groff, Lauren",,"=""0593418395""","=""9780593418390""",5,3.75,Riverhead Books,Hardcover,256,2023,2023,2023/11/15,2023/11/08,,,read,,,,1,0
61812836,Crook Manifesto,Colson Whitehead,"Whitehead, Colson",,"=""0385545150""","=""9780385545150""",0,3.86,Doubleday,Hardcover,336,2023,2023,2023/11/08,2023/11/05,,,read,,,,1,0
7354,The Shipping News,Annie Proulx,"Proulx, Annie",,"=""0743225422""","=""9780743225427""",3,3.88,Scribner,Paperback,337,2002,1993,2021/03/23,2016/10/22,,,read,,,,1,0
29496076,Killers of the Flower Moon: The Osage Murders and the Birth of the FBI,David Grann,"Grann, David",,"=""0385534256""","=""9780385534253""",5,4.14,Doubleday,ebook,359,2017,2017,2023/10/30,2023/10/30,,,read,,,,1,0
91239751,Death Valley,Melissa Broder,"Broder, Melissa",,"=""1668024845""","=""9781668024843""",3,3.45,Scribner,Hardcover,240,2023,2023,2023/10/25,2023/10/25,,,read,,,,1,0
65916344,"Holly (Holly Gibney, #3)",Stephen  King,"King, Stephen",,"=""1668016133""","=""9781668016138""",4,4.07,Scribner,Hardcover,449,2023,2023,2023/10/18,2023/10/16,,,read,,,,1,0
101124639,Bright Young Women,Jessica Knoll,"Knoll, Jessica",,"=""1501153226""","=""9781501153228""",4,3.98,S&S/ Marysue Rucci Books,Hardcover,384,2023,2023,2023/10/12,2023/10/11,,,read,,,,1,0
139988291,Enough,Cassidy Hutchinson,"Hutchinson, Cassidy",,"=""1668028301""","=""9781668028308""",0,4.29,Simon & Schuster,Kindle Edition,384,2023,2023,,2023/10/06,did-not-finish,did-not-finish (#48),did-not-finish,,,,0,0
77265006,"The Wren, the Wren",Anne Enright,"Enright, Anne",,"=""1324005696""","=""9781324005698""",0,3.51,W. W. Norton & Company,Kindle Edition,278,2023,2023,,2023/10/03,did-not-finish,did-not-finish (#47),did-not-finish,,,,0,0
33931059,The Ninth Hour,Alice McDermott,"McDermott, Alice",,"=""0374280142""","=""9780374280147""",4,3.59,"Farrar, Straus and Giroux",Hardcover,247,2017,2017,2023/10/02,2023/10/02,,,read,,,,1,0
61714633,"The Wager: A Tale of Shipwreck, Mutiny and Murder",David Grann,"Grann, David",,"=""0385534264""","=""9780385534260""",5,4.17,Doubleday,Hardcover,352,2023,2023,2023/09/27,2023/09/27,,,read,,,,1,0
3591262,Cutting for Stone,Abraham   Verghese,"Verghese, Abraham",,"=""0375414495""","=""9780375414497""",0,4.34,Alfred A. Knopf,Hardcover,560,2009,2009,,2023/09/13,did-not-finish,did-not-finish (#46),did-not-finish,,,,0,0
61884832,All the Sinners Bleed,S.A. Cosby,"Cosby, S.A.",,"=""1250831911""","=""9781250831910""",4,4.20,Flatiron Books,Hardcover,338,2023,2023,2023/09/09,2023/09/07,,,read,,,,1,0
62052300,Quietly Hostile: Essays,Samantha Irby,"Irby, Samantha",,"=""0593315693""","=""9780593315699""",0,3.67,Vintage,Paperback,290,2023,2023,,2023/09/04,did-not-finish,did-not-finish (#45),did-not-finish,,,,0,0
51045613,Deacon King Kong,James   McBride,"McBride, James",,"=""073521672X""","=""9780735216723""",5,4.16,Riverhead Books,Hardcover,370,2020,2020,2023/09/04,2023/09/02,,,read,,,,1,0
63094957,The Rachel Incident,Caroline O'Donoghue,"O'Donoghue, Caroline",,"=""0593535707""","=""9780593535707""",4,4.06,Knopf,Hardcover,304,2023,2023,2023/08/28,2023/08/28,,,read,,,,1,0
32920226,"Sing, Unburied, Sing",Jesmyn Ward,"Ward, Jesmyn",,"=""""","=""""",3,4.00,Scribner,Hardcover,285,2017,2017,2023/08/24,2023/08/22,,,read,,,,1,0
63241104,Tom Lake,Ann Patchett,"Patchett, Ann",,"=""006332752X""","=""9780063327528""",4,3.93,Harper,Hardcover,320,2023,2023,2023/08/17,2023/08/17,,,read,,,,1,0
61358638,"Poverty, by America",Matthew Desmond,"Desmond, Matthew",,"=""0593239911""","=""9780593239919""",5,4.27,Crown,Hardcover,284,2023,2023,2023/08/13,2023/08/12,,,read,,,,1,0
61190770,Chain-Gang All-Stars,Nana Kwame Adjei-Brenyah,"Adjei-Brenyah, Nana Kwame",,"=""0593317335""","=""9780593317334""",5,4.11,Pantheon,Hardcover,367,2023,2023,2023/08/04,2023/08/01,,,read,,,,1,0
62873996,"The Five-Star Weekend (Sommer in Nantucket, #1)",Elin Hilderbrand,"Hilderbrand, Elin",,"=""0316258776""","=""9780316258777""",2,4.01,"Little, Brown and Company",Hardcover,384,2023,2023,,2023/07/27,,,read,,,,2,0
60460704,Lone Women,Victor LaValle,"LaValle, Victor",,"=""052551208X""","=""9780525512080""",3,3.69,One World,Hardcover,275,2023,2023,2023/07/24,2023/07/21,,,read,,,,1,0
61812308,Small Mercies,Dennis Lehane,"Lehane, Dennis",,"=""0062129481""","=""9780062129482""",4,4.27,Harper,Hardcover,303,2023,2023,2023/07/19,2023/07/16,,,read,,,,1,0
62687857,The Covenant of Water,Abraham   Verghese,"Verghese, Abraham",,"=""""","=""""",5,4.41,Grove Press,Hardcover,724,2023,2023,2023/06/29,2023/06/24,,,read,,,,1,0
58662236,Small Things Like These,Claire Keegan,"Keegan, Claire",,"=""0802158749""","=""9780802158741""",5,4.08,Grove Press,Hardcover,118,2021,2021,2023/06/24,2023/06/24,,,read,,,,1,0
60149573,Our Missing Hearts,Celeste Ng,"Ng, Celeste",,"=""0593492544""","=""9780593492543""",4,3.79,Penguin Press,Hardcover,335,2022,2022,2022/12/28,2022/12/28,,,read,,,,2,0
51704136,Little Fires Everywhere,Celeste Ng,"Ng, Celeste",,"=""0143135163""","=""9780143135166""",3,4.07,Penguin Books,Paperback,368,2020,2017,2020/07/21,2020/07/15,,,read,,,,2,0
36373463,"Us Against You (Beartown, #2)",Fredrik Backman,"Backman, Fredrik",Neil Smith,"=""1501160796""","=""9781501160790""",4,4.37,Atria Books,Hardcover,448,2018,2017,2023/06/15,2023/06/12,,,read,,,,1,0
1379961,People of the Book,Geraldine Brooks,"Brooks, Geraldine",,"=""067001821X""","=""""",3,4.04,Viking Books,Hardcover,372,2008,2008,2023/06/05,2023/06/02,,,read,,,,1,0
59109077,Horse,Geraldine Brooks,"Brooks, Geraldine",,"=""0399562966""","=""9780399562969""",4,4.24,Viking,Hardcover,401,2022,2022,2023/05/31,2023/05/30,,,read,,,,1,0
59912428,Mad Honey,Jodi Picoult,"Picoult, Jodi",Jennifer Finney Boylan,"=""1984818384""","=""9781984818386""",4,4.07,Ballantine,Hardcover,464,2022,2022,2023/05/27,2023/05/22,,,read,,,,1,0
61053829,I Have Some Questions for You,Rebecca Makkai,"Makkai, Rebecca",,"=""0593490142""","=""9780593490143""",3,3.59,Viking,Hardcover,438,2023,2023,2023/05/21,2023/05/20,,,read,,,,1,0
58884736,The Measure,Nikki Erlick,"Erlick, Nikki",,"=""0063204207""","=""9780063204201""",4,3.96,William Morrow,Hardcover,353,2022,2022,2023/05/18,2023/05/16,,,read,,,,1,0
58733693,Remarkably Bright Creatures,Shelby Van Pelt,"Pelt, Shelby Van",,"=""0063204150""","=""9780063204157""",0,4.36,Ecco,ebook,302,2022,2022,,2023/05/13,did-not-finish,did-not-finish (#44),did-not-finish,,,,0,0
61065982,The Bandit Queens,Parini Shroff,"Shroff, Parini",,"=""059349895X""","=""9780593498958""",0,3.92,Ballantine Books,Hardcover,342,2023,2023,,2023/05/11,did-not-finish,did-not-finish (#43),did-not-finish,,,,0,0
60353768,The Marriage Portrait,Maggie O'Farrell,"O'Farrell, Maggie",,"=""""","=""""",5,4.01,Knopf Publishing Group,Hardcover,355,2022,2022,2023/05/10,2023/05/04,,,read,,,,1,0
33413128,"Beartown (Beartown, #1)",Fredrik Backman,"Backman, Fredrik",Neil Smith,"=""""","=""""",5,4.29,Simon & Schuster,ebook,432,2017,2016,2023/05/01,2023/05/01,,,read,,,,1,0
43124137,The Beekeeper of Aleppo,Christy Lefteri,"Lefteri, Christy",,"=""1984821210""","=""9781984821218""",4,4.16,Ballantine Books,Hardcover,317,2019,2019,2023/04/23,2023/04/06,,,read,,,,1,0
45294613,Dear Edward,Ann Napolitano,"Napolitano, Ann",,"=""198485478X""","=""9781984854780""",3,4.07,The Dial Press,Hardcover,340,2020,2020,2023/04/20,2023/04/20,,,read,,,,1,0
61771675,Hello Beautiful,Ann Napolitano,"Napolitano, Ann",,"=""""","=""""",5,4.13,The Dial Press,Kindle Edition,594,2023,2023,2023/04/15,2023/04/13,,,read,,,,1,0
57693171,Olga Dies Dreaming,Xóchitl González,"González, Xóchitl",,"=""1250786177""","=""9781250786173""",3,3.96,Flatiron Books,Hardcover,369,2022,2022,2023/04/02,2023/03/24,,,read,,,,1,0
56769525,We Don't Know Ourselves: A Personal History of Modern Ireland,Fintan O'Toole,"O'Toole, Fintan",,"=""1631496530""","=""9781631496530""",0,4.33,Liveright,Hardcover,616,2022,2021,,2023/03/11,did-not-finish,did-not-finish (#42),did-not-finish,,,,0,0
52656911,The Guest List,Lucy Foley,"Foley, Lucy",,"=""""","=""""",4,3.79,William Morrow,Kindle Edition,319,2020,2020,,2023/03/15,,,read,,,,1,0
51152447,Caste: The Origins of Our Discontents,Isabel Wilkerson,"Wilkerson, Isabel",,"=""0593230256""","=""9780593230251""",5,4.52,Random House,Hardcover,544,2020,2020,2023/03/05,2023/03/01,,,read,,,,1,0
46002342,"Me and White Supremacy: Combat Racism, Change the World, and Become a Good Ancestor",Layla F. Saad,"Saad, Layla F.",Robin DiAngelo,"=""1728209803""","=""9781728209807""",5,4.33,Sourcebooks,Hardcover,238,2020,2020,2023/02/27,2023/02/25,,,read,,,,1,0
15975,Blonde,Joyce Carol Oates,"Oates, Joyce Carol",,"=""2253152854""","=""9782253152859""",5,3.92,Le Livre de Poche,Mass Market Paperback,1110,2002,2000,2023/02/23,2023/02/22,,,read,,,,1,0
20342617,Just Mercy,Bryan Stevenson,"Stevenson, Bryan",,"=""""","=""""",5,4.62,One World,Paperback,336,2014,2014,2023/02/17,2023/02/15,,,read,,,,1,0
59575939,An Immense World: How Animal Senses Reveal the Hidden Realms Around Us,Ed Yong,"Yong, Ed",,"=""""","=""""",0,4.46,Random House,Hardcover,464,2022,2022,,2022/10/17,did-not-finish,did-not-finish (#41),did-not-finish,,,,0,0
60471573,Liberation Day,George Saunders,"Saunders, George",,"=""0525509593""","=""9780525509592""",4,3.99,Random House,Hardcover,256,2022,2022,2023/02/10,2023/02/10,,,read,,,,1,0
58065033,Lessons in Chemistry,Bonnie Garmus,"Garmus, Bonnie",,"=""""","=""""",4,4.28,Doubleday Books,Hardcover,390,2022,2022,2023/02/06,2023/02/03,,,read,,,,1,0
58386758,Checkout 19,Claire-Louise Bennett,"Bennett, Claire-Louise",,"=""0593420497""","=""9780593420492""",0,3.16,Riverhead Books,Hardcover,288,2022,2021,,2023/01/26,did-not-finish,did-not-finish (#40),did-not-finish,,,,0,0
8143909,Foster,Claire Keegan,"Keegan, Claire",,"=""0571255655""","=""9780571255658""",4,4.30,Faber & Faber,Paperback,101,2010,2010,2023/01/23,2023/01/23,,,read,,,,1,0
57224204,The Seven Moons of Maali Almeida,Shehan Karunatilaka,"Karunatilaka, Shehan",,"=""1908745908""","=""9781908745903""",0,3.90,Sort of Books,Hardcover,386,2022,2022,,2023/01/13,did-not-finish,did-not-finish (#39),did-not-finish,,,,0,0
1976370,Valentino and Sagittarius: Two Novellas,Natalia Ginzburg,"Ginzburg, Natalia",,"=""0805006834""","=""9780805006834""",4,3.95,Seaver Books/Henry Holt,Hardcover,134,1988,1957,2023/01/08,2023/01/08,,,read,,,,1,0
60194162,Demon Copperhead,Barbara Kingsolver,"Kingsolver, Barbara",,"=""""","=""""",4,4.46,Harper,Hardcover,560,2022,2022,2022/12/24,2022/12/20,,,read,,,,1,0
54746205,Velvet Was the Night,Silvia Moreno-Garcia,"Moreno-Garcia, Silvia",,"=""0593356829""","=""9780593356821""",3,3.51,Del Rey,Hardcover,289,2021,2021,2022/12/16,2022/12/15,,,read,,,,1,0
59900070,Stay True,Hua Hsu,"Hsu, Hua",,"=""0385547773""","=""9780385547772""",4,3.99,Doubleday,Hardcover,208,2022,2022,2022/12/14,2022/12/14,,,read,,,,1,0
58437521,The Candy House,Jennifer Egan,"Egan, Jennifer",,"=""1476716765""","=""9781476716763""",4,3.64,Scribner,Hardcover,352,2022,2022,2022/12/10,2022/12/08,,,read,,,,1,0
60243188,Bliss Montage,Ling  Ma,"Ma, Ling",,"=""0374293511""","=""9780374293512""",4,3.87,"Farrar, Straus and Giroux",Hardcover,228,2022,2022,2022/12/04,2022/11/26,,,read,,,,1,0
34912895,The Great Alone,Kristin Hannah,"Hannah, Kristin",,"=""""","=""""",2,4.46,St. Martin's Press,Kindle Edition,435,2018,2018,2022/12/02,2022/11/30,,,read,,,,1,0
45300567,The Maidens,Alex Michaelides,"Michaelides, Alex",,"=""1250304458""","=""9781250304452""",3,3.61,Celadon Books,Hardcover,337,2021,2021,2022/11/21,2022/11/20,,,read,,,,1,0
40097951,The Silent Patient,Alex Michaelides,"Michaelides, Alex",,"=""1250301696""","=""9781250301697""",4,4.17,Celadon Books,Hardcover,336,2019,2019,2020/08/28,2020/08/18,,,read,,,,2,0
54860585,Razorblade Tears,S.A. Cosby,"Cosby, S.A.",,"=""""","=""""",4,4.12,Flatiron Books,Hardcover,336,2021,2021,2022/11/15,2022/11/15,,,read,,,,1,0
59366234,Maps of Our Spectacular Bodies,Maddie Mortimer,"Mortimer, Maddie",,"=""198218177X""","=""9781982181772""",0,3.95,Scribner,Paperback,448,2022,2022,,2022/11/03,did-not-finish,did-not-finish (#38),did-not-finish,,,,0,0
60092581,Lessons,Ian McEwan,"McEwan, Ian",,"=""0593535200""","=""9780593535202""",0,3.97,Knopf,Hardcover,448,2022,2022,,2022/11/06,did-not-finish,did-not-finish (#37),did-not-finish,,,,0,0
57846320,The School for Good Mothers,Jessamine Chan,"Chan, Jessamine",,"=""""","=""""",3,3.53,Simon & Schuster,Hardcover,336,2022,2022,2022/11/10,2022/11/10,,,read,,,,1,0
57558287,"City on Fire (Danny Ryan, #1)",Don Winslow,"Winslow, Don",,"=""0062851195""","=""9780062851192""",4,4.09,William Morrow,Hardcover,384,2022,2021,2022/11/03,2022/10/29,,,read,,,,1,0
6101138,"Wolf Hall (Thomas Cromwell, #1)",Hilary Mantel,"Mantel, Hilary",,"=""""","=""""",0,3.91,HarperCollins Publishers Ltd,Paperback,653,2010,2009,,2021/08/14,did-not-finish,did-not-finish (#36),did-not-finish,,,,0,0
55315487,"The Plot (The Book Series, #1)",Jean Hanff Korelitz,"Korelitz, Jean Hanff",,"=""125079076X""","=""9781250790767""",4,3.81,Celadon Books,Hardcover,320,2021,2021,2022/10/17,2022/10/17,,,read,,,,1,0
58210933,Trust,Hernan Diaz,"Diaz, Hernan",,"=""""","=""""",5,3.80,Riverhead Books,Hardcover,402,2022,2022,2022/09/27,2022/09/20,,,read,,,,1,0
58999177,The Immortal King Rao,Vauhini Vara,"Vara, Vauhini",,"=""0393541754""","=""9780393541755""",0,3.65,W. W. Norton & Company,Hardcover,384,2022,2022,2022/09/15,2022/05/12,,,read,,,,1,0
30165203,"American Gods: Tenth Anniversary (American Gods, #1)",Neil Gaiman,"Gaiman, Neil",,"=""""","=""""",0,4.10,William Morrow,Kindle Edition,635,2011,2001,2022/09/07,2021/12/31,,,read,,,,1,0
54981009,"The Last Thing He Told Me (Hannah Hall, #1)",Laura Dave,"Dave, Laura",,"=""1501171348""","=""9781501171345""",4,3.83,Simon & Schuster,Hardcover,307,2021,2021,2022/08/06,2022/08/06,,,read,,,,1,0
54814676,Crying in H Mart,Michelle Zauner,"Zauner, Michelle",,"=""0525657746""","=""9780525657743""",3,4.23,Knopf,Hardcover,256,2021,2021,2022/07/24,2022/07/19,,,read,,,,1,0
52180399,"The Only Good Indians (The Only Good Indians, #1)",Stephen Graham Jones,"Jones, Stephen Graham",,"=""1982136456""","=""9781982136451""",3,3.68,Gallery / Saga Press,Hardcover,305,2020,2020,2022/06/12,2022/06/04,,,read,,,,1,0
32187419,Conversations with Friends,Sally Rooney,"Rooney, Sally",,"=""0451499077""","=""9780451499073""",4,3.73,Hogarth,Kindle Edition,304,2017,2017,2022/06/01,2022/06/01,,,read,,,,1,0
43317482,In the Dream House,Carmen Maria Machado,"Machado, Carmen Maria",,"=""1644450038""","=""9781644450031""",5,4.38,Graywolf Press,Hardcover,251,2019,2019,2021/04/26,2021/04/25,memoir,memoir (#4),read,,,,1,0
53972214,When We Cease to Understand the World,Benjamín Labatut,"Labatut, Benjamín",Adrian Nathan West,"=""1782276122""","=""9781782276128""",5,4.10,Pushkin Press,Hardcover,192,2020,2020,2022/04/29,2022/04/11,,,read,,,,1,0
41005592,"Funny, You Don't Look Autistic: A Comedian's Guide to Life on the Spectrum",Michael McCreary,"McCreary, Michael",,"=""1773212575""","=""9781773212579""",3,3.77,Annick Press,Paperback,166,2019,2019,2022/05/12,2022/05/12,,,read,,,,1,0
34037113,"The Rules of Magic (Practical Magic, #0.2)",Alice Hoffman,"Hoffman, Alice",Tanja Fornaro,"=""""","=""""",4,4.01,Simon & Schuster,Kindle Edition,369,2017,2017,2022/04/29,2022/04/25,,,read,,,,1,0
54493401,Project Hail Mary,Andy Weir,"Weir, Andy",,"=""0593135202""","=""9780593135204""",4,4.50,Ballantine Books,Hardcover,476,2021,2021,2022/04/22,2022/04/15,,,read,,,,2,0
58484901,How to Be Perfect: The Correct Answer to Every Moral Question,Michael Schur,"Schur, Michael",,"=""1982159316""","=""9781982159313""",0,4.13,Simon & Schuster,Hardcover,304,2022,2022,,2022/04/13,did-not-finish,did-not-finish (#35),did-not-finish,,,,0,0
54270,Mein Kampf,Adolf Hitler,"Hitler, Adolf","Ralph Manheim, Serpil Yener","=""0395083621""","=""9780395083628""",0,3.18,Houghton Mifflin Company,Paperback,384,1973,1925,2022/04/04,2022/03/21,,,read,,,,1,0
19063,The Book Thief,Markus Zusak,"Zusak, Markus",,"=""""","=""""",4,4.39,Alfred A. Knopf,Kindle Edition,592,2006,2005,2022/03/17,2020/04/29,,,read,,,,1,0
41804,"I, Robot (Robot, #0.1)",Isaac Asimov,"Asimov, Isaac",,"=""0553803700""","=""9780553803709""",0,4.21,Bantam Books,Hardcover,224,2004,1950,2022/03/07,2022/03/07,,,read,,,,1,0
13158800,The Light Between Oceans,M.L. Stedman,"Stedman, M.L.",,"=""1451681739""","=""9781451681734""",5,4.04,Scribner,Hardcover,362,2012,2012,2022/02/27,2022/02/23,,,read,,,,1,0
11297,Norwegian Wood,Haruki Murakami,"Murakami, Haruki",Jay Rubin,"=""""","=""""",5,3.99,Vintage Books,Paperback,296,2000,1987,2022/02/16,2021/11/18,,,read,,,,1,0
56922687,These Precious Days: Essays,Ann Patchett,"Patchett, Ann",,"=""0063092786""","=""9780063092785""",3,4.42,Harper,Hardcover,320,2021,2021,2022/02/08,2022/02/02,,,read,,,,1,0
57812401,Five Tuesdays in Winter,Lily King,"King, Lily",,"=""0802158765""","=""9780802158765""",4,3.70,Grove Press,Hardcover,240,2021,2021,2022/02/07,2022/02/02,,,read,,,,1,0
18143977,All the Light We Cannot See,Anthony Doerr,"Doerr, Anthony",,"=""1476746583""","=""9781476746586""",4,4.31,Scribner,Hardcover,531,2014,2014,,2020/12/23,,,read,,,,2,0
43557477,"The Jane Austen Society (Jane Austen Society, #1)",Natalie Jenner,"Jenner, Natalie",,"=""1250248736""","=""9781250248732""",4,3.73,St. Martin's Press,Hardcover,304,2020,2020,2022/01/11,2022/01/05,,,read,,,,1,0
89724,We Have Always Lived in the Castle,Shirley Jackson,"Jackson, Shirley",Jonathan Lethem,"=""0143039970""","=""9780143039976""",5,3.91,Penguin Books,Paperback,152,2006,1962,2022/01/14,2022/01/13,,,read,,,,1,0
625094,The Leopard,Giuseppe Tomasi di Lampedusa,"Lampedusa, Giuseppe Tomasi di",Archibald Colquhoun,"=""0679731210""","=""9780679731214""",3,4.01,Pantheon,Paperback,319,1991,1958,2022/01/25,2011/11/06,classics,classics (#6),read,,,,1,0
48989372,A Very Punchable Face,Colin Jost,"Jost, Colin",,"=""1101906324""","=""9781101906323""",3,4.20,Crown,Hardcover,312,2020,2020,2022/01/13,2022/01/12,,,read,,,,1,0
10252302,Blue Nights,Joan Didion,"Didion, Joan",,"=""0307267679""","=""9780307267672""",0,3.95,Knopf,Hardcover,208,2011,2011,,2011/11/06,did-not-finish,did-not-finish (#34),did-not-finish,,,,0,0
13456414,A Short Stay in Hell,Steven L. Peck,"Peck, Steven L.",,"=""098374842X""","=""9780983748427""",3,4.15,Strange Violin Editions,Paperback,108,2012,2011,2021/12/31,2021/12/31,,,read,,,,1,0
56783258,Cloud Cuckoo Land,Anthony Doerr,"Doerr, Anthony",,"=""1982168439""","=""9781982168438""",4,4.25,Scribner,Hardcover,626,2021,2021,2022/01/04,2022/01/01,,,read,,,,1,0
53308149,Let Me Tell You What I Mean,Joan Didion,"Didion, Joan",,"=""059331848X""","=""9780593318485""",4,3.84,Knopf,Hardcover,149,2021,2021,2022/01/06,2022/01/06,,,read,,,,1,0
7815,The Year of Magical Thinking,Joan Didion,"Didion, Joan",,"=""1400078431""","=""9781400078431""",4,3.93,Vintage,Paperback,227,2007,2005,2022/01/05,2022/01/04,,,read,,,,1,0
38746152,The Book of Delights: Essays,Ross Gay,"Gay, Ross",,"=""1616207922""","=""9781616207922""",0,4.12,Algonquin Books,Hardcover,274,2019,2019,,2022/01/07,to-read,to-read (#32),to-read,,,,0,0
13173393,The Lady with the Little Dog,Anton Chekhov,"Chekhov, Anton",Constance Garnett,"=""""","=""""",4,3.70,Charles River Editors,Kindle Edition,15,2011,1888,2021/12/29,2021/12/28,,,read,,,,1,0
126584,Mind Hunter: Inside the FBI's Elite Serial Crime Unit,John E. Douglas,"Douglas, John E.",Mark Olshaker,"=""0671528904""","=""9780671528904""",3,4.09,Pocket Books,Mass Market Paperback,397,1996,1995,2021/11/09,2021/11/03,,,read,,,,1,0
55457493,"The Man Who Died Twice (Thursday Murder Club, #2)",Richard Osman,"Osman, Richard",,"=""""","=""""",3,4.35,Penguin,Kindle Edition,422,2021,2021,2021/12/20,2021/12/19,,,read,,,,1,0
32085,"All Creatures Great and Small (All Creatures Great and Small, #1-2)",James Herriot,"Herriot, James",,"=""0312965788""","=""9780312965785""",4,4.36,St. Martin's Paperbacks,Mass Market Paperback,437,1998,1972,2021/12/20,2021/12/20,,,read,,,,1,0
890,Of Mice and Men,John Steinbeck,"Steinbeck, John",,"=""0142000671""","=""9780142000670""",5,3.90,Penguin Books,Paperback,107,2002,1937,2021/12/29,2021/12/29,,,read,,,,1,0
899492,The Tell-Tale Heart,Edgar Allan Poe,"Poe, Edgar Allan",Byron Glaser,"=""0871917726""","=""9780871917720""",4,4.24,Creative Education,Library Binding,31,1980,1843,2021/12/31,2021/12/31,,,read,,,,1,0
286957,The Yellow Wall-Paper,Charlotte Perkins Gilman,"Gilman, Charlotte Perkins",Elaine R. Hedges,"=""1558611584""","=""9781558611580""",4,4.07,The Feminist Press at CUNY,Paperback,62,1996,1892,2021/12/31,2021/12/31,,,read,,,,1,0
92508,The Bridge of San Luis Rey,Thornton Wilder,"Wilder, Thornton",Russell Banks,"=""0060088877""","=""9780060088873""",3,3.79,Harper Perennial Modern Classics,Paperback,160,2003,1927,2021/12/31,2021/12/31,,,read,,,,1,0
43035,White Fang,Jack London,"London, Jack",K.A. Applegate,"=""""","=""""",0,4.03,Scholastic Paperbacks,Paperback,252,2001,1906,2021/09/28,2021/12/31,,,read,,,,1,0
18386,The Death of Ivan Ilych,Leo Tolstoy,"Tolstoy, Leo","Aylmer Maude, Louise Maude","=""""","=""""",4,4.14,Waking Lion Press,Paperback,86,2006,1886,2021/12/30,2021/12/30,,,read,,,,1,0
18879761,I Was Here,Gayle Forman,"Forman, Gayle",,"=""0451471474""","=""9780451471475""",3,3.73,Viking Juvenile,Hardcover,270,2015,2015,2021/12/27,2021/12/27,,,read,,,,1,0
40104741,"An Elderly Lady Is Up to No Good (Elderly Lady, #1)",Helene Tursten,"Tursten, Helene",Marlaine Delargy,"=""""","=""""",3,3.73,Soho Crime,Hardcover,174,2018,2013,2021/12/24,2021/12/24,,,read,,,,1,0
12752313,"Lots of Candles, Plenty of Cake",Anna Quindlen,"Quindlen, Anna",,"=""1400069343""","=""9781400069347""",3,3.75,Random House,Hardcover,182,2012,2012,2021/12/22,2021/12/22,,,read,,,,1,0
5246,Ethan Frome,Edith Wharton,"Wharton, Edith","Anita Shreve, Elizabeth Ammons","=""""","=""""",4,3.46,Penguin Classics,Paperback,99,2005,1911,2021/12/28,2021/12/27,,,read,,,,1,0
58098,For Colored Girls Who Have Considered Suicide / When the Rainbow Is Enuf,Ntozake Shange,"Shange, Ntozake",,"=""""","=""""",5,4.29,Scribner,Paperback,64,1997,1975,2021/12/28,2021/12/28,,,read,,,,1,0
16299,And Then There Were None,Agatha Christie,"Christie, Agatha",,"=""0312330871""","=""9780312330873""",4,4.27,St. Martin's Griffin,Paperback,264,2004,1939,2020/12/20,2020/12/21,,,read,,,,1,0
8242117,I Remember Nothing: and Other Reflections,Nora Ephron,"Ephron, Nora",,"=""0307595609""","=""9780307595607""",3,3.80,Knopf,Hardcover,137,2010,2010,2021/12/04,2021/12/04,,,read,,,,1,0
38359036,"The Tattooist of Auschwitz (The Tattooist of Auschwitz, #1)",Heather   Morris,"Morris, Heather",,"=""006287067X""","=""9780062870674""",4,4.32,Harper,Hardcover,272,2018,2018,2021/01/30,2021/01/30,,,read,,,,1,0
895905,If on a Winter's Night a Traveller,Italo Calvino,"Calvino, Italo",,"=""0749399236""","=""9780749399238""",5,4.01,Minerva,Paperback,260,1992,1979,2021/03/01,2021/03/01,,,read,,,,1,0
50358519,Thick as Thieves,Sandra       Brown,"Brown, Sandra",,"=""1538751941""","=""9781538751947""",4,4.00,Grand Central Publishing,Hardcover,384,2020,2020,2021/04/09,2021/04/09,,,read,,,,1,0
18693763,Everything I Never Told You,Celeste Ng,"Ng, Celeste",,"=""159420571X""","=""9781594205712""",2,3.83,Penguin Press,Hardcover,297,2014,2014,2021/04/10,2021/04/10,,,read,,,,1,0
24874312,"The Nose (Penguin Little Black Classics, #46)",Nikolai Gogol,"Gogol, Nikolai",,"=""0141397527""","=""9780141397528""",1,3.71,Penguin Classics,Mass Market Paperback,53,2015,1836,2021/04/11,2021/04/11,short-stories,short-stories (#6),read,,,,1,0
53955823,Confessions of a Shinagawa Monkey,Haruki Murakami,"Murakami, Haruki",,"=""""","=""""",4,4.01,the new yorker,ebook,31,2020,2020,2021/09/11,2021/09/11,,,read,,,,1,0
2352198,NPR Funniest Driveway Moments: Radio Stories That Won't Let You Go,National Public Radio,"Radio, National Public",Robert Krulwich,"=""1598876244""","=""9781598876246""",3,3.20,Highbridge Co,Audio CD,2,2008,2008,2021/12/04,2021/12/04,,,read,,,,1,0
52693712,"Everyone You Hate is Going to Die: And Other Comforting Thoughts on Family, Friends, Sex, Love, and More Things That Ruin Your Life",Daniel Sloss,"Sloss, Daniel",,"=""1785152564""","=""9781785152566""",5,3.92,William Heinemann,Hardcover,259,2021,2021,2021/12/10,2021/12/10,,,read,,,,1,0
21,A Short History of Nearly Everything,Bill Bryson,"Bryson, Bill",,"=""076790818X""","=""9780767908184""",0,4.22,Crown,Paperback,544,2004,2003,,2021/12/10,did-not-finish,did-not-finish (#33),did-not-finish,,,,1,0
31420736,Bang,Barry Lyga,"Lyga, Barry",,"=""0316315508""","=""9780316315500""",3,3.96,"Little, Brown Books for Young Readers",Hardcover,304,2017,2017,2021/12/26,2021/12/26,,,read,,,,1,0
51777605,The Office of Historical Corrections,Danielle  Evans,"Evans, Danielle",,"=""1594487332""","=""9781594487330""",0,4.16,Riverhead Books,Hardcover,269,2020,2020,2021/12/23,2021/12/22,,,read,,,,1,0
55333938,The Personal Librarian,Marie Benedict,"Benedict, Marie",Victoria Christopher Murray,"=""""","=""""",5,4.05,Berkley Books,Hardcover,341,2021,2021,2021/12/19,2021/12/16,historical-fiction,historical-fiction (#7),read,,,,1,0
57185348,Matrix,Lauren Groff,"Groff, Lauren",,"=""1594634491""","=""9781594634499""",4,3.68,Riverhead Books,Hardcover,260,2021,2021,2021/12/16,2021/12/16,,,read,,,,1,0
53487334,The Best of Me,David Sedaris,"Sedaris, David",,"=""0316628247""","=""9780316628242""",4,4.20,"Little, Brown and Company",Hardcover,387,2020,2020,2021/12/07,2021/12/05,,,read,,,,1,0
50154334,I'll Be Seeing You: A Memoir,Elizabeth Berg,"Berg, Elizabeth",,"=""0593134672""","=""9780593134672""",3,4.19,Random House,Hardcover,224,2020,2020,2021/12/05,2021/12/04,,,read,,,,1,0
15645,Inferno,Dante Alighieri,"Alighieri, Dante",Anthony Esolen,"=""0812970063""","=""9780812970067""",4,4.03,Modern Library,Kindle Edition,490,2022,1321,2021/12/02,2021/12/01,,,read,,,,1,0
54626223,"Harlem Shuffle (Ray Carney, #1)",Colson Whitehead,"Whitehead, Colson",,"=""0385545134""","=""9780385545136""",4,3.73,Doubleday,Hardcover,318,2021,2021,2021/11/29,2021/11/22,,,read,,,,1,0
4909,"Teacher Man (Frank McCourt, #3)",Frank McCourt,"McCourt, Frank",,"=""0743243781""","=""9780743243780""",4,3.76,Scribner,Paperback,258,2005,2005,2021/11/26,2021/11/22,,,read,,,,1,0
32620332,The Seven Husbands of Evelyn Hugo,Taylor Jenkins Reid,"Reid, Taylor Jenkins",,"=""1501139231""","=""9781501139239""",4,4.39,Atria Books,Hardcover,389,2017,2017,2021/11/21,2021/11/19,,,read,,,,1,0
113144,'Tis: A Memoir,Frank McCourt,"McCourt, Frank",,"=""0684848783""","=""9780684848785""",0,3.74,Scribner,Hardcover,367,1999,1999,2021/11/18,2021/11/14,memoir,memoir (#7),read,,,,1,0
252577,"Angela's Ashes (Frank McCourt, #1)",Frank McCourt,"McCourt, Frank",,"=""0007205236""","=""9780007205233""",5,4.15,Harper Perennial,Paperback,452,2005,1996,,2011/10/09,"memoir, poverty","memoir (#1), poverty (#3)",read,,,,2,0
56597885,"Beautiful World, Where Are You",Sally Rooney,"Rooney, Sally",,"=""0374602603""","=""9780374602604""",3,3.52,"Farrar, Straus and Giroux",Hardcover,356,2021,2021,2021/11/03,2021/10/26,,,read,,,,1,0
6644970,Jack and the Beanstalk and Other Classics of Childhood,Various,"Various, Various","John Ritter, Betty   White, Michael Hugh Johnson, Robby Benson, Brian Austin Green","=""1441711376""","=""9781441711373""",3,3.37,Blackstone Publishing,Audio CD,2,2009,,,2021/10/26,,,read,,,,2,0
7603,Reading Lolita in Tehran: A Memoir in Books,Azar Nafisi,"Nafisi, Azar",,"=""081297106X""","=""9780812971064""",4,3.66,Random House Trade Paperbacks,Paperback,356,2003,2003,2021/10/25,2011/10/09,memoir,memoir (#6),read,,,,1,0
39218350,"Maid: Hard Work, Low Pay, and a Mother's Will to Survive",Stephanie  Land,"Land, Stephanie",Barbara Ehrenreich,"=""""","=""""",3,3.86,Hachette Books,Hardcover,289,2019,2019,2021/10/22,2021/10/20,,,read,,,,1,0
9791,A Walk in the Woods: Rediscovering America on the Appalachian Trail,Bill Bryson,"Bryson, Bill",,"=""0307279464""","=""9780307279460""",5,4.07,Vintage,Mass Market Paperback,397,2006,1998,2021/10/20,2021/10/15,non-fiction,non-fiction (#15),read,,,,1,0
2526,Blindness,José Saramago,"Saramago, José",Giovanni Pontiero,"=""""","=""""",5,4.18,Houghton Mifflin Harcourt Publishing Company,Paperback,326,1999,1995,2011/01/05,2011/10/09,"sci-fi, dystopia, literary-fiction","sci-fi (#3), dystopia (#1), literary-fiction (#3)",read,,,,2,0
49397137,The Exiles,Christina Baker Kline,"Kline, Christina Baker",,"=""0062356348""","=""9780062356345""",4,4.15,Mariner Books,Hardcover,370,2020,2020,2021/10/06,2021/10/02,historical-fiction,historical-fiction (#6),read,,,,1,0
9659034,"Thunder Dog: The True Story of a Blind Man, His Guide Dog, and the Triumph of Trust at Ground Zero",Michael Hingson,"Hingson, Michael",Susy Flory,"=""140020304X""","=""9781400203048""",3,4.05,Thomas Nelson Publishers,Hardcover,231,2011,2011,2021/10/02,2021/10/02,,,read,,,,1,0
175675,Ragtime,E.L. Doctorow,"Doctorow, E.L.",,"=""0812978188""","=""9780812978186""",5,3.90,Random House,Paperback,320,2010,1975,2021/09/22,2021/09/14,,,read,,,,1,0
1852,The Call of the Wild,Jack London,"London, Jack",Avi,"=""""","=""""",4,3.92,Scholastic,Mass Market Paperback,172,2001,1903,2021/09/19,2021/09/17,,,read,,,,1,0
12296,The Scarlet Letter,Nathaniel Hawthorne,"Hawthorne, Nathaniel","Nina Baym, Thomas E. Connolly","=""0142437263""","=""9780142437261""",4,3.44,Penguin Books,Paperback,279,2002,1850,2021/09/14,2021/09/11,,,read,,,,1,0
51541496,Luster,Raven Leilani,"Leilani, Raven",,"=""0374194327""","=""9780374194321""",0,3.50,"Farrar, Straus and Giroux",Hardcover,227,2020,2020,,2021/09/10,did-not-finish,did-not-finish (#32),did-not-finish,,,,0,0
17245,Dracula,Bram Stoker,"Stoker, Bram","Rubén Toledo, Nina Auerbach, David J. Skal","=""0393970124""","=""9780393970128""",3,4.02,Norton,Paperback,488,1986,1897,2021/09/09,2021/09/06,horror,horror (#4),read,,,,1,0
2998,The Secret Garden,Frances Hodgson Burnett,"Burnett, Frances Hodgson",,"=""0517189607""","=""9780517189603""",4,4.17,Children's Classics,Hardcover,331,1998,1911,2021/09/05,2021/09/03,,,read,,,,1,0
8664353,"Unbroken: A World War II Story of Survival, Resilience and Redemption",Laura Hillenbrand,"Hillenbrand, Laura",,"=""1400064163""","=""9781400064168""",5,4.39,Random House,Hardcover,475,2010,2010,2021/09/02,2021/08/30,,,read,,,,1,0
51792100,A Burning,Megha Majumdar,"Majumdar, Megha",,"=""0525658696""","=""9780525658696""",5,3.72,Knopf Publishing Group,Hardcover,304,2020,2020,2020/06/23,2020/06/22,,,read,,,,1,0
6514,The Bell Jar,Sylvia Plath,"Plath, Sylvia",,"=""0571268862""","=""9780571268863""",4,4.05,Harper Perennial Modern Classics,Paperback,294,2006,1963,2021/08/30,2021/08/28,,,read,,,,1,0
11275,The Wind-Up Bird Chronicle,Haruki Murakami,"Murakami, Haruki",Jay Rubin,"=""0965341984""","=""9780965341981""",4,4.14,Knopf,Paperback,607,1997,1994,2021/08/21,2021/08/10,,,read,,,,1,0
43822062,The World That We Knew,Alice Hoffman,"Hoffman, Alice",,"=""1501137573""","=""9781501137570""",3,4.19,Simon & Schuster,Hardcover,372,2019,2019,2021/08/13,2021/08/10,,,read,,,,1,0
33652490,Men Without Women,Haruki Murakami,"Murakami, Haruki","Phillip Gabriel, Ted Goossen, Chip Kidd","=""0385689454""","=""9780385689458""",4,3.74,Bond Street Books,Kindle Edition,242,2017,2014,2021/08/07,2021/08/04,,,read,,,,1,0
40389527,The Woman in the Window,A.J. Finn,"Finn, A.J.",,"=""""","=""""",1,3.94,William Morrow,Kindle Edition,455,2018,2018,2021/08/03,2021/08/01,,,read,,,,1,0
54404602,The Sweetness of Water,Nathan  Harris,"Harris, Nathan",,"=""031646127X""","=""9780316461276""",3,4.14,"Little, Brown and Company",Hardcover,368,2021,2021,2021/07/29,2021/07/24,,,read,,,,1,0
4929,Kafka on the Shore,Haruki Murakami,"Murakami, Haruki",Philip Gabriel,"=""""","=""""",5,4.12,Vintage International,Paperback,467,2006,2002,2021/07/23,2021/07/15,,,read,,,,1,0
36584899,Hope and Other Punchlines,Julie Buxbaum,"Buxbaum, Julie",,"=""052564444X""","=""9780525644446""",2,3.89,Delacorte Press,Paperback,306,2019,2019,2021/07/19,2021/07/18,,,read,,,,1,0
53438824,Whereabouts,Jhumpa Lahiri,"Lahiri, Jhumpa",,"=""0593318315""","=""9780593318317""",4,3.76,Alfred A. Knopf,Hardcover,157,2021,2018,2021/06/30,2021/06/29,,,read,,,,1,0
17803,After Dark,Haruki Murakami,"Murakami, Haruki",Jay Rubin,"=""0307265838""","=""9780307265838""",4,3.74,Knopf,Hardcover,191,2007,2004,2021/06/29,2021/06/28,,,read,,,,1,0
33590210,An American Marriage,Tayari Jones,"Jones, Tayari",,"=""1616201347""","=""9781616201340""",3,3.93,Algonquin Books,Hardcover,308,2018,2018,2021/06/24,2021/06/19,,,read,,,,1,0
54614599,First Person Singular: Stories,Haruki Murakami,"Murakami, Haruki",Philip Gabriel,"=""0593318072""","=""9780593318072""",5,3.53,Knopf,Hardcover,245,2021,2020,2021/06/19,2021/06/17,short-stories,short-stories (#7),read,,,,1,0
34051011,Pachinko,Min Jin Lee,"Lee, Min Jin",,"=""""","=""""",4,4.34,Grand Central Publishing,Kindle Edition,496,2017,2017,2021/06/16,2021/06/06,,,read,,,,1,0
7604,Lolita,Vladimir Nabokov,"Nabokov, Vladimir",Craig Raine,"=""""","=""""",5,3.87,Penguin,Paperback,368,1995,1955,2021/06/06,2021/06/02,,,read,,,,1,0
62022,The Queen's Gambit,Walter Tevis,"Tevis, Walter",,"=""1400030609""","=""9781400030606""",4,4.18,Vintage,Paperback,258,2003,1983,2021/06/01,2021/05/30,,,read,,,,1,0
43890641,Hamnet,Maggie O'Farrell,"O'Farrell, Maggie",,"=""1472223799""","=""9781472223791""",4,4.21,Tinder Press,Hardcover,372,2020,2020,2021/05/30,2021/05/23,literary-fiction,literary-fiction (#16),read,,,,1,0
49235526,Hollywood Park,Mikel Jollett,"Jollett, Mikel",,"=""1250621569""","=""9781250621566""",3,4.28,Celadon Books,Hardcover,384,2020,2020,2021/04/17,2021/04/14,,,read,,,,1,0
50196744,Know My Name,Chanel Miller,"Miller, Chanel",,"=""0735223718""","=""9780735223714""",5,4.68,Viking,ebook,384,2019,2019,2021/04/20,2021/04/17,memoir,memoir (#5),read,,,,1,0
89723,The Lottery and Other Stories,Shirley Jackson,"Jackson, Shirley",A.M. Homes,"=""0374529531""","=""9780374529536""",4,4.01,"Farrar, Straus and Giroux",Paperback,302,2005,1949,2021/05/23,2021/05/17,"horror, short-stories","horror (#2), short-stories (#5)",read,,,,1,0
35031085,Frankenstein: The 1818 Text,Mary Wollstonecraft Shelley,"Shelley, Mary Wollstonecraft",Charlotte  Gordon,"=""0143131842""","=""9780143131847""",5,3.91,Penguin Publishing Group,Paperback,260,2018,1818,2021/02/23,2020/12/06,horror,horror (#3),read,,,,1,0
77203,The Kite Runner,Khaled Hosseini,"Hosseini, Khaled",,"=""159463193X""","=""9781594631931""",5,4.36,Riverhead Books,Paperback,371,2004,2003,2021/05/02,2021/04/27,historical-fiction,historical-fiction (#5),read,,,,1,0
128029,A Thousand Splendid Suns,Khaled Hosseini,"Hosseini, Khaled",,"=""1594489505""","=""9781594489501""",5,4.46,Riverhead Books,Hardcover,372,2007,2007,2021/05/16,2021/05/09,historical-fiction,historical-fiction (#4),read,,,,1,0
17565927,The Embassy of Cambodia,Zadie Smith,"Smith, Zadie",,"=""""","=""""",0,3.69,newyorker.com,,70,2013,2013,2021/05/12,2021/05/12,,,read,,,,1,0
45289222,Writers & Lovers,Lily King,"King, Lily",,"=""""","=""""",3,3.99,Grove Press,Hardcover,320,2020,2020,2021/05/09,2021/05/05,,,read,,,,1,0
2153405,Still Alice,Lisa Genova,"Genova, Lisa",,"=""0595440096""","=""9780595440092""",4,4.32,Iuniverse Inc,Paperback,292,2007,2007,2021/05/04,2021/05/03,,,read,,,,1,0
18144590,The Alchemist,Paulo Coelho,"Coelho, Paulo",,"=""0062315005""","=""9780062315007""",3,3.92,HarperOne,Paperback,182,2014,1988,2021/04/29,2021/04/28,,,read,,,,1,0
1869,Nickel and Dimed: On (Not) Getting By in America,Barbara Ehrenreich,"Ehrenreich, Barbara",,"=""0805063897""","=""9780805063899""",4,3.66,Owl Books (Henry Holt),Paperback,240,2002,2001,,2013/12/01,"poverty, non-fiction","poverty (#4), non-fiction (#5)",read,,,,1,0
49779612,"Fortune and Glory: Tantalizing Twenty-Seven (Stephanie Plum, #27)",Janet Evanovich,"Evanovich, Janet",,"=""1982154861""","=""9781982154868""",0,4.06,Atria Books ,Kindle Edition,315,2020,2020,,2021/04/27,did-not-finish,did-not-finish (#31),did-not-finish,,,,0,0
32862686,"The Soldier, The Nun and The Baby",Anne Stuart,"Stuart, Anne",,"=""""","=""""",1,3.73,,ebook,191,2016,1995,2021/04/23,2021/04/22,,,read,,,,1,0
19501,"Eat, Pray, Love",Elizabeth Gilbert,"Gilbert, Elizabeth",,"=""0143038419""","=""9780143038412""",0,3.65,Riverhead Books,Paperback,368,2007,2006,,2021/04/21,did-not-finish,did-not-finish (#30),did-not-finish,,,,0,0
195144,"Fanny Hill, or Memoirs of a Woman of Pleasure",John Cleland,"Cleland, John",,"=""0140620885""","=""9780140620887""",0,3.27,Penguin,Paperback,224,1994,1748,,2021/04/21,did-not-finish,did-not-finish (#29),did-not-finish,,,,0,0
50088631,Hidden Valley Road: Inside the Mind of an American Family,Robert Kolker,"Kolker, Robert",,"=""038554376X""","=""9780385543767""",0,4.15,Doubleday ,Hardcover,377,2020,2020,,2020/04/21,did-not-finish,did-not-finish (#28),did-not-finish,,,,0,0
25614298,In Other Words,Jhumpa Lahiri,"Lahiri, Jhumpa",Ann Goldstein,"=""1101875550""","=""9781101875551""",5,3.75,Knopf,Hardcover,233,2016,2015,2021/04/12,2021/04/11,,,read,,,,1,0
52741293,Shuggie Bain,Douglas   Stuart,"Stuart, Douglas",,"=""0802148042""","=""9780802148049""",4,4.30,Grove Press,Hardcover,430,2020,2020,2021/04/05,2021/04/01,,,read,,,,1,0
320,One Hundred Years of Solitude,Gabriel García Márquez,"Márquez, Gabriel García",Gregory Rabassa,"=""""","=""""",0,4.12,Harper,Mass Market Paperback,417,2003,1967,,2021/03/28,did-not-finish,did-not-finish (#27),did-not-finish,,,,0,0
54120408,Klara and the Sun,Kazuo Ishiguro,"Ishiguro, Kazuo",,"=""059331817X""","=""9780593318171""",3,3.74,Alfred A. Knopf,Hardcover,303,2021,2021,2021/03/28,2021/03/24,,,read,,,,1,0
30555488,The Underground Railroad,Colson Whitehead,"Whitehead, Colson",,"=""0385542364""","=""9780385542364""",5,4.06,Doubleday,Hardcover,306,2016,2016,2021/03/19,2021/03/15,,,read,,,,1,0
92780,Cold Comfort Farm,Stella Gibbons,"Gibbons, Stella","Roz Chast, Lynne Truss","=""0143039598""","=""9780143039594""",3,3.88,Penguin Classics,Paperback,233,2006,1932,2021/03/13,2020/12/06,,,read,,,,1,0
49552,The Stranger,Albert Camus,"Camus, Albert",Matthew  Ward,"=""""","=""""",5,4.03,Vintage International,Paperback,123,1989,1942,2021/03/06,2021/03/03,,,read,,,,1,0
1306127,The Senator's Wife,Sue Miller,"Miller, Sue",,"=""0307264203""","=""9780307264206""",0,3.32,Knopf,Hardcover,306,2008,2008,,2020/12/06,did-not-finish,did-not-finish (#26),did-not-finish,,,,0,0
9328,The House of the Spirits,Isabel Allende,"Allende, Isabel",Magda Bogin,"=""0553383809""","=""9780553383805""",5,4.30,Dial Press Trade Paperback,Paperback,448,2005,1982,2021/03/01,2020/12/06,,,read,,,,1,0
12555,The Bonesetter's Daughter,Amy Tan,"Tan, Amy",,"=""0345457374""","=""9780345457370""",0,4.00,Ballantine Books,Paperback,387,2003,2001,,2021/02/23,to-read,to-read (#30),to-read,,,,0,0
18143974,The Blazing World,Siri Hustvedt,"Hustvedt, Siri",,"=""1476747237""","=""9781476747231""",3,3.70,Simon & Schuster,Hardcover,368,2014,2014,2021/02/19,2021/02/11,,,read,,,,1,0
50358133,Homeland Elegies,Ayad Akhtar,"Akhtar, Ayad",,"=""0316496421""","=""9780316496421""",3,4.13,"Little, Brown and Company",Hardcover,368,2020,2020,2021/02/17,2021/02/13,,,read,,,,1,0
41193,A Thousand Acres,Jane Smiley,"Smiley, Jane",,"=""1400033837""","=""9781400033836""",4,3.83,Vintage,Paperback,371,2003,1991,2021/02/10,2020/12/06,,,read,,,,1,0
9704812,La frantumaglia,Elena Ferrante,"Ferrante, Elena",,"=""8876415750""","=""9788876415753""",5,4.10,e/o,Paperback,184,2003,2003,2021/02/06,2020/12/23,,,read,,,,1,0
39863499,How to Think Like a Roman Emperor: The Stoic Philosophy of Marcus Aurelius,Donald J. Robertson,"Robertson, Donald J.",,"=""""","=""""",0,4.34,St. Martin's Press,Hardcover,304,2019,2019,,2021/01/28,did-not-finish,did-not-finish (#25),did-not-finish,,,,0,0
18505796,10% Happier,Dan   Harris,"Harris, Dan",,"=""0062265423""","=""9780062265425""",0,3.91,Dey Street Books,Hardcover,256,2014,2014,,2021/02/03,did-not-finish,did-not-finish (#24),did-not-finish,,,,1,0
12948,The Turn of the Screw,Henry James,"James, Henry",,"=""0140620613""","=""9780140620610""",3,3.38,Penguin Books,Paperback,121,1994,1898,2021/01/30,2021/01/29,,,read,,,,1,0
35883430,I'm Still Here: Black Dignity in a World Made for Whiteness,Austin Channing Brown,"Brown, Austin Channing",,"=""""","=""""",5,4.37,Convergent Books,Hardcover,185,2018,2018,2021/01/28,2021/01/27,,,read,,,,1,0
41087364,The Liar's Dictionary,Eley Williams,"Williams, Eley",,"=""178515205X""","=""9781785152054""",3,3.35,William Heinemann,Paperback,256,2020,2020,2021/01/27,2021/01/26,,,read,,,,1,0
5826,Bel Canto,Ann Patchett,"Patchett, Ann",,"=""""","=""""",4,3.94,Harper Perennial,Paperback,318,2023,2001,2021/01/26,2021/01/05,,,read,,,,1,0
9777,The God of Small Things,Arundhati Roy,"Roy, Arundhati",,"=""0679457313""","=""9780679457312""",4,3.96,Random House,Paperback,321,1997,1997,2021/01/25,2021/01/21,,,read,,,,1,0
43982054,The Water Dancer,Ta-Nehisi Coates,"Coates, Ta-Nehisi",,"=""""","=""""",4,4.06,One World,Hardcover,416,2019,2019,2021/01/20,2021/01/17,,,read,,,,1,0
32051912,The Alice Network,Kate Quinn,"Quinn, Kate",,"=""0062654195""","=""9780062654199""",3,4.32,William Morrow Paperbacks,Paperback,503,2017,2017,2021/01/17,2021/01/13,,,read,,,,1,0
43834909,Long Bright River,Liz    Moore,"Moore, Liz",,"=""0525540679""","=""9780525540670""",5,4.04,Riverhead Books,Hardcover,482,2020,2020,2021/01/09,2021/01/06,,,read,,,,1,0
29906980,Lincoln in the Bardo,George Saunders,"Saunders, George",,"=""0812995341""","=""9780812995343""",0,3.75,Random House,Hardcover,368,2017,2017,,2021/01/05,did-not-finish,did-not-finish (#23),did-not-finish,,,,0,0
49127718,Anxious People,Fredrik Backman,"Backman, Fredrik",Neil   Smith,"=""198216963X""","=""9781982169633""",4,4.16,Atria Publishing,Hardcover,336,2019,2019,2021/01/01,2020/12/29,,,read,,,,1,0
126609,Sister Carrie,Theodore Dreiser,"Dreiser, Theodore",Donald Pizer,"=""0393960420""","=""9780393960426""",4,3.78,W W Norton & Co Inc,Paperback,580,1991,1900,2020/12/28,2020/12/24,,,read,,,,1,0
50358038,The Cold Millions,Jess Walter,"Walter, Jess",,"=""006286808X""","=""9780062868084""",0,3.95,Harper,Hardcover,342,2020,2020,,2020/12/22,did-not-finish,did-not-finish (#22),did-not-finish,,,,0,0
25019,"The Professor and the Madman: A Tale of Murder, Insanity and the Making of the Oxford English Dictionary",Simon Winchester,"Winchester, Simon",,"=""0060839783""","=""9780060839789""",4,3.84,Harper Perennial,Paperback,242,2005,1998,2020/12/20,2020/12/17,,,read,,,,1,0
48570454,Transcendent Kingdom,Yaa Gyasi,"Gyasi, Yaa",,"=""""","=""""",3,4.10,Knopf,Hardcover,264,2020,2020,2020/12/17,2020/12/10,,,read,,,,1,0
44670087,Incidental Inventions,Elena Ferrante,"Ferrante, Elena",Ann Goldstein,"=""1609455584""","=""9781609455583""",5,3.85,Europa Editions,Hardcover,112,2019,2019,2020/12/15,2020/12/12,,,read,,,,1,0
17349222,This Is the Story of a Happy Marriage,Ann Patchett,"Patchett, Ann",,"=""0062236679""","=""9780062236678""",4,4.01,Harper,Hardcover,308,2013,2013,,2014/03/04,,,read,,,,1,0
31434883,Eleanor Oliphant Is Completely Fine,Gail Honeyman,"Honeyman, Gail",,"=""0735220689""","=""9780735220683""",4,4.23,Pamela Dorman Books / Viking,Hardcover,336,2017,2017,,2020/12/07,,,read,,,,1,0
1934,"Little Women (Little Women, #1)",Louisa May Alcott,"Alcott, Louisa May","Regina Barreca, Grzegorz Komerski, Marta Fihel","=""""","=""""",0,4.17,Signet Classics,Mass Market Paperback,449,2004,1868,,2020/12/06,to-read,to-read (#29),to-read,,,,0,0
89526,"I, Tituba, Black Witch of Salem",Maryse Condé,"Condé, Maryse",,"=""0345384202""","=""9780345384201""",0,4.06,Ballantine Books,Paperback,225,1994,1986,,2020/12/06,to-read,to-read (#28),to-read,,,,0,0
290186,Troubling Love,Elena Ferrante,"Ferrante, Elena",Ann Goldstein,"=""1933372168""","=""9781933372167""",3,3.25,Europa Editions,Paperback,144,2006,1992,2020/12/04,2020/11/18,,,read,,,,1,0
5685,Anna Karenina,Leo Tolstoy,"Tolstoy, Leo","Richard Pevear, Larissa Volokhonsky","=""0142000272""","=""9780142000274""",5,4.10,Penguin Books,Paperback,838,2002,1878,2019/03/31,2018/08/08,classics,classics (#17),read,,,,1,0
7244,The Poisonwood Bible,Barbara Kingsolver,"Kingsolver, Barbara",,"=""0060786507""","=""9780060786502""",0,4.11,Harper Perennial Modern Classics,Paperback,546,2005,1998,,2020/11/28,did-not-finish,did-not-finish (#21),did-not-finish,,,,0,0
49247242,Ring Shout,P. Djèlí Clark,"Clark, P. Djèlí",,"=""1250767024""","=""9781250767028""",0,3.93,Tordotcom,Hardcover,185,2020,2020,,2020/11/19,did-not-finish,did-not-finish (#20),did-not-finish,,,,0,0
5203,She’s Come Undone,Wally Lamb,"Lamb, Wally",,"=""0671021001""","=""9780671021009""",0,3.92,Pocket,Mass Market Paperback,465,1998,1992,,2020/05/03,did-not-finish,did-not-finish (#18),did-not-finish,,,,0,0
26950,The Custom of the Country,Edith Wharton,"Wharton, Edith",Linda Wagner-Martin,"=""0143039709""","=""9780143039709""",0,4.07,Penguin Books,Paperback,370,2006,1913,,2019/11/30,did-not-finish,did-not-finish (#16),did-not-finish,,,,0,0
20893314,A Brief History of Seven Killings,Marlon James,"James, Marlon",,"=""159448600X""","=""9781594486005""",0,3.89,Riverhead Books,Hardcover,688,2014,2014,,2020/06/30,did-not-finish,did-not-finish (#19),did-not-finish,,,,0,0
43565369,The Topeka School,Ben Lerner,"Lerner, Ben",,"=""0374277788""","=""9780374277789""",0,3.51,"Farrar, Straus and Giroux",Hardcover,282,2019,2019,,2020/01/31,did-not-finish,did-not-finish (#17),did-not-finish,,,,0,0
2521,Blood Done Sign My Name: A True Story,Timothy B. Tyson,"Tyson, Timothy B.",,"=""1400083117""","=""9781400083114""",0,4.18,Broadway Books,Paperback,355,2005,2004,,2019/01/22,did-not-finish,did-not-finish (#15),did-not-finish,,,,0,0
29044,The Secret History,Donna Tartt,"Tartt, Donna",,"=""1400031702""","=""9781400031702""",1,4.15,Vintage Books,Paperback,559,2004,1992,2019/01/22,2016/10/22,"fiction, did-not-finish","fiction (#18), did-not-finish (#14)",did-not-finish,,,,1,0
168668,Catch-22,Joseph Heller,"Heller, Joseph",,"=""0684833395""","=""9780684833392""",0,3.99,Simon & Schuster ,Paperback,453,2004,1961,,2016/01/10,did-not-finish,did-not-finish (#12),did-not-finish,,,,0,0
22237163,One of Us: The Story of Anders Breivik and the Massacre in Norway,Åsne Seierstad,"Seierstad, Åsne",Sarah Death,"=""0374277893""","=""9780374277895""",0,4.43,"Farrar, Straus and Giroux",Hardcover,530,2015,2013,,2016/09/11,"did-not-finish, non-fiction, true-crime","did-not-finish (#13), non-fiction (#11), true-crime (#5)",did-not-finish,,,,0,0
10964693,The Marriage Plot,Jeffrey Eugenides,"Eugenides, Jeffrey",,"=""0374203059""","=""9780374203054""",2,3.48,"Farrar, Straus and Giroux",Hardcover,406,2011,2011,2012/06/07,2012/01/23,"did-not-finish, fiction","did-not-finish (#8), fiction (#9)",did-not-finish,,,,1,0
10357575,"1Q84 (1Q84, #1-3)",Haruki Murakami,"Murakami, Haruki","Jay Rubin, Philip Gabriel","=""0307593312""","=""9780307593313""",0,3.95,Knopf,Hardcover,944,2011,2009,,2013/01/24,did-not-finish,did-not-finish (#9),did-not-finish,,,,0,0
16241144,Whitey Bulger: America's Most Wanted Gangster and the Manhunt That Brought Him to Justice,Kevin Cullen,"Cullen, Kevin",Shelley Murphy,"=""0393087727""","=""9780393087727""",2,3.98,W. W. Norton & Company,Hardcover,496,2013,2013,,2013/10/20,"true-crime, did-not-finish","true-crime (#3), did-not-finish (#11)",did-not-finish,,,,0,0
8472655,The Illumination,Kevin Brockmeier,"Brockmeier, Kevin",,"=""0375425314""","=""9780375425318""",1,3.40,Pantheon,Hardcover,272,2011,2011,2012/01/23,2012/01/16,"did-not-finish, fiction","did-not-finish (#5), fiction (#10)",did-not-finish,,,,1,0
8526694,Open City,Teju Cole,"Cole, Teju",,"=""1400068096""","=""9781400068098""",2,3.49,Random House,Hardcover,259,2011,2011,,2012/01/16,"did-not-finish, fiction","did-not-finish (#6), fiction (#8)",did-not-finish,,,,0,0
1713426,Predictably Irrational: The Hidden Forces That Shape Our Decisions,Dan Ariely,"Ariely, Dan",,"=""""","=""""",3,4.12,HarperCollins Canada ,Hardcover,247,2008,2008,2012/06/07,2011/12/26,"did-not-finish, non-fiction","did-not-finish (#7), non-fiction (#3)",did-not-finish,,,,1,0
9118135,State of Wonder,Ann Patchett,"Patchett, Ann",,"=""0062049801""","=""9780062049803""",1,3.91,HarperCollins Publishers,Hardcover,353,2011,2011,2012/01/16,2012/01/08,"fiction, did-not-finish","fiction (#7), did-not-finish (#4)",did-not-finish,,,,1,0
11595399,"Confidence Men: Wall Street, Washington, and the Education of a President",Ron Suskind,"Suskind, Ron",,"=""0062092553""","=""9780062092557""",1,3.77,Harper,Kindle Edition,528,2011,2011,,2011/12/26,"did-not-finish, non-fiction","did-not-finish (#3), non-fiction (#6)",did-not-finish,,,,0,0
3805,The Corrections,Jonathan Franzen,"Franzen, Jonathan",,"=""1841156736""","=""9781841156736""",1,3.85,Fourth Estate Paperbacks,Paperback,653,2002,2001,,2011/10/09,"did-not-finish, fiction","did-not-finish (#1), fiction (#11)",did-not-finish,,,,0,0
179512,Bitch: In Praise of Difficult Women,Elizabeth Wurtzel,"Wurtzel, Elizabeth",,"=""0385484011""","=""9780385484015""",0,3.38,Anchor,Paperback,436,1999,1998,,2011/11/06,"did-not-finish, feminist, non-fiction","did-not-finish (#10), feminist (#1), non-fiction (#7)",did-not-finish,,,,0,0
4989,The Red Tent,Anita Diamant,"Diamant, Anita",,"=""0312353766""","=""9780312353766""",1,4.21,St. Martin's Press,Hardcover,324,1997,1997,,2011/10/09,"did-not-finish, fiction","did-not-finish (#2), fiction (#12)",did-not-finish,,,,0,0
48615720,These Women,Ivy Pochoda,"Pochoda, Ivy",,"=""0062656392""","=""9780062656391""",4,3.78,Ecco,Paperback,352,2021,2020,2020/11/25,2020/11/23,,,read,,,,1,0
29657548,The Beach at Night,Elena Ferrante,"Ferrante, Elena","Mara Cerri, Ann Goldstein","=""1609453700""","=""9781609453701""",3,3.47,Europa Editions,Hardcover,48,2016,2007,,2020/11/22,,,read,,,,1,0
52661162,"The Searcher (Cal Hooper, #1)",Tana French,"French, Tana",,"=""073522465X""","=""9780735224650""",2,3.80,Viking,Hardcover,451,2020,2020,,2020/11/21,,,read,,,,1,0
77810,The Days of Abandonment,Elena Ferrante,"Ferrante, Elena",Ann Goldstein,"=""1933372001""","=""9781933372006""",5,3.86,Europa Editions,Paperback,188,2005,2002,2020/11/14,2020/11/13,,,read,,,,1,0
44318414,The Dutch House,Ann Patchett,"Patchett, Ann",,"=""0062963678""","=""9780062963673""",5,4.10,Harper,Hardcover,337,2019,2019,2020/11/12,2020/11/11,,,read,,,,1,0
45320351,"Conversations with RBG: Ruth Bader Ginsburg on Life, Love, Liberty, and Law",Jeffrey Rosen,"Rosen, Jeffrey",,"=""1250235162""","=""9781250235169""",5,4.15,Henry Holt and Co.,Hardcover,272,2019,2019,2020/11/09,2020/11/08,,,read,,,,1,0
51822833,The Lightness,Emily  Temple,"Temple, Emily",,"=""0062905325""","=""9780062905321""",2,3.41,William Morrow,Hardcover,288,2020,2020,2020/11/04,2020/11/03,,,read,,,,1,0
50358031,Leave the World Behind,Rumaan Alam,"Alam, Rumaan",,"=""0062667637""","=""9780062667632""",2,3.14,Ecco,Hardcover,241,2020,2020,2020/11/01,2020/10/30,,,read,,,,1,0
43925876,The Giver of Stars,Jojo Moyes,"Moyes, Jojo",,"=""0399562486""","=""9780399562488""",3,4.29,Pamela Dorman Books,Hardcover,390,2019,2019,2020/10/30,2020/10/29,,,read,,,,1,0
27071490,Homegoing,Yaa Gyasi,"Gyasi, Yaa",,"=""""","=""""",5,4.47,Alfred A. Knopf,Hardcover,305,2016,2016,2020/10/29,2020/10/24,,,read,,,,1,0
50265329,The Book of Two Ways,Jodi Picoult,"Picoult, Jodi",,"=""198481835X""","=""9781984818355""",2,3.66,Ballantine ,Hardcover,416,2020,2020,2020/10/24,2020/10/17,,,read,,,,1,0
48616787,The Lying Life of Adults,Elena Ferrante,"Ferrante, Elena",Ann Goldstein,"=""1609455916""","=""9781609455910""",4,3.67,Europa Editions,Hardcover,336,2020,2019,2020/10/21,2020/10/19,,,read,,,,1,0
25242224,"The Story of the Lost Child (Neapolitan Novels, #4)",Elena Ferrante,"Ferrante, Elena",Ann Goldstein,"=""1609452860""","=""9781609452865""",5,4.46,Europa Editions,Paperback,473,2015,2014,2016/03/11,2016/02/13,literary-fiction,literary-fiction (#9),read,,,,2,0
35133922,Educated,Tara Westover,"Westover, Tara",,"=""0399590501""","=""9780399590504""",5,4.46,Random House,Hardcover,352,2018,2018,2020/10/06,2020/10/02,,,read,,,,1,0
44279110,My Year of Rest and Relaxation,Ottessa Moshfegh,"Moshfegh, Ottessa",,"=""0525522131""","=""9780525522133""",3,3.60,Penguin Books,Paperback,289,2019,2018,2020/10/03,2020/09/26,,,read,,,,1,0
45046527,American Dirt,Jeanine Cummins,"Cummins, Jeanine",,"=""""","=""""",4,4.37,Flatiron Books,Hardcover,459,2020,2020,2020/09/30,2020/09/28,,,read,,,,1,0
51933429,The Guest List,Lucy Foley,"Foley, Lucy",,"=""""","=""""",4,3.79,William Morrow,Hardcover,330,2020,2020,2020/09/27,2020/09/26,,,read,,,,1,0
23156040,"Those Who Leave and Those Who Stay (Neapolitan Novels, #3)",Elena Ferrante,"Ferrante, Elena",Ann Goldstein,"=""""","=""""",5,4.36,Europa Editions,Paperback,418,2014,2013,2020/09/23,2016/02/13,literary-fiction,literary-fiction (#8),read,,,,1,0
17465515,"The Story of a New Name (Neapolitan Novels, #2)",Elena Ferrante,"Ferrante, Elena",Ann Goldstein,"=""""","=""""",5,4.47,Europa Editions,Paperback,471,2013,2012,,2016/02/13,literary-fiction,literary-fiction (#7),read,,,,2,0
13586707,"My Brilliant Friend (Neapolitan Novels, #1)",Elena Ferrante,"Ferrante, Elena",Ann Goldstein,"=""""","=""""",4,4.05,Europa Editions,Paperback,331,2012,2011,2016/01/10,2016/01/10,literary-fiction,literary-fiction (#6),read,,,,3,0
48613168,Memorial Drive: A Daughter's Memoir,Natasha Trethewey,"Trethewey, Natasha",,"=""006224857X""","=""9780062248572""",4,4.25,Ecco,Hardcover,213,2020,2020,,2020/09/12,,,read,,,,1,0
36809135,Where the Crawdads Sing,Delia Owens,"Owens, Delia",,"=""0735219117""","=""9780735219113""",4,4.37,G.P. Putnam’s Sons,ebook,384,2018,2018,2020/09/10,2020/09/09,,,read,,,,1,0
32148570,Before We Were Yours,Lisa Wingate,"Wingate, Lisa",,"=""0425284689""","=""9780425284681""",4,4.40,Ballantine Books,Hardcover,342,2017,2017,2020/09/08,2020/09/02,,,read,,,,1,0
37506228,Weather,Jenny Offill,"Offill, Jenny",,"=""0385351100""","=""9780385351102""",2,3.54,Knopf,Hardcover,208,2020,2020,2020/09/02,2020/09/01,,,read,,,,1,0
28257707,The Subtle Art of Not Giving a F*ck: A Counterintuitive Approach to Living a Good Life,Mark Manson,"Manson, Mark",,"=""""","=""9798804636129""",3,3.86,Harper,Paperback,212,2016,2016,2020/08/29,2020/08/27,,,read,,,,1,0
42121525,Migrations,Charlotte McConaghy,"McConaghy, Charlotte",,"=""125020402X""","=""9781250204028""",5,4.11,Flatiron Books,Hardcover,259,2020,2020,2020/08/17,2020/08/11,,,read,,,,1,0
36396396,The Aunt Who Wouldn't Die (BEE Books e-book),Shirshendu Mukhopadhyay,"Mukhopadhyay, Shirshendu",Arunava Sinha,"=""""","=""""",4,3.68,BEE Books,Kindle Edition,89,2017,1993,2020/08/11,2020/08/10,,,read,,,,1,0
1440460,Sweet Days of Discipline,Fleur Jaeggy,"Jaeggy, Fleur",Tim Parks,"=""0811212351""","=""9780811212359""",4,3.61,New Directions,Paperback,101,1993,1989,2020/02/07,2020/02/01,,,read,,,,1,0
59716,To the Lighthouse,Virginia Woolf,"Woolf, Virginia",Eudora Welty,"=""""","=""""",3,3.81,Harvest Books,Paperback,209,1989,1927,2020/08/04,2020/08/01,,,read,,,,1,0
54081499,Too Much and Never Enough: How My Family Created the World's Most Dangerous Man,Mary L. Trump,"Trump, Mary L.",,"=""1982141468""","=""9781982141462""",4,3.82,Simon & Schuster,Hardcover,225,2020,2020,2020/07/29,2020/07/28,,,read,,,,1,0
51542251,Parakeet,Marie-Helene Bertino,"Bertino, Marie-Helene",,"=""0374229457""","=""9780374229450""",4,3.65,"Farrar, Straus and Giroux",Hardcover,240,2020,2020,2020/07/28,2020/07/15,,,read,,,,1,0
52753702,An Elegant Woman,Martha McPhee,"McPhee, Martha",,"=""1501179578""","=""9781501179570""",3,3.41,Scribner,Hardcover,416,2020,2020,2020/07/15,2020/06/30,,,read,,,,1,0
51791252,The Vanishing Half,Brit Bennett,"Bennett, Brit",,"=""0525536299""","=""9780525536291""",4,4.12,Riverhead Books,Hardcover,343,2020,2020,2020/07/09,2020/06/30,,,read,,,,1,0
89717,The Haunting of Hill House,Shirley Jackson,"Jackson, Shirley",Laura Miller,"=""0143039989""","=""9780143039983""",0,3.81,Penguin Classics,Paperback,182,2006,1959,,2020/06/30,to-read,to-read (#27),to-read,,,,0,0
2495094,Telex from Cuba,Rachel Kushner,"Kushner, Rachel",,"=""141656103X""","=""9781416561033""",3,3.59,Scribner,Hardcover,322,2008,2008,2020/06/24,2020/06/17,,,read,,,,1,0
25743752,My Name is Leon,Kit de Waal,"Waal, Kit de",,"=""0241207088""","=""9780241207086""",4,4.06,Viking,Hardcover,272,2016,2016,2020/06/16,2020/06/10,,,read,,,,1,0
17552624,The Hired Man,Aminatta Forna,"Forna, Aminatta",,"=""1408838249""","=""9781408838242""",5,3.92,Bloomsbury Publishing Export,Paperback,304,2013,2013,,2020/05/31,,,read,,,,1,0
673915,Last Night at the Lobster,Stewart O'Nan,"O'Nan, Stewart",,"=""0670018279""","=""9780670018277""",4,3.60,Viking Adult,Hardcover,160,2007,2007,2020/05/28,2020/05/27,,,read,,,,1,0
758037,The Women in Black,Madeleine St. John,"John, Madeleine St.",,"=""0349105227""","=""9780349105222""",3,3.56,Abacus,Paperback,141,1994,1993,2020/05/25,2020/05/22,,,read,,,,1,0
1845128,Abigél,Magda Szabó,"Szabó, Magda",,"=""""","=""""",5,4.33,Móra Ferenc Könyvkiadó,Hardcover,417,2007,1970,2020/05/19,2020/04/13,,,read,,,,1,0
32049,Lady Chatterley’s Lover,D.H. Lawrence,"Lawrence, D.H.",,"=""039460430X""","=""9780394604305""",4,3.50,Modern Library,Hardcover,376,1983,1928,2020/05/06,2015/10/30,"classics, literary-fiction","classics (#11), literary-fiction (#5)",read,,,,1,0
14891,A Tree Grows in Brooklyn,Betty  Smith,"Smith, Betty",,"=""0061120073""","=""9780061120077""",5,4.30,HarperCollins Publishers,Paperback,496,2006,1943,2020/04/29,2020/04/27,,,read,,,,1,0
251374,The Night in Question,Tobias Wolff,"Wolff, Tobias",,"=""0679402187""","=""9780679402183""",5,4.16,Knopf,Hardcover,206,1996,1995,,2014/12/21,"fiction, short-stories","fiction (#14), short-stories (#4)",read,,,,1,0
16275,The Colossus of New York,Colson Whitehead,"Whitehead, Colson",,"=""""","=""""",0,3.69,Anchor,Paperback,158,2004,2003,,2020/04/25,to-read,to-read (#26),to-read,,,,0,0
43412920,"Ducks, Newburyport",Lucy Ellmann,"Ellmann, Lucy",,"=""191029697X""","=""9781910296974""",4,3.97,Galley Beggar Press,Paperback,1022,2019,2019,2020/04/24,2020/04/02,,,read,,,,1,0
40163119,Say Nothing: A True Story of Murder and Memory in Northern Ireland,Patrick Radden Keefe,"Keefe, Patrick Radden",,"=""0385521316""","=""9780385521314""",5,4.47,Doubleday,Hardcover,441,2019,2018,,2020/03/31,"non-fiction, true-crime","non-fiction (#14), true-crime (#6)",read,,,,1,0
251688,Breakfast at Tiffany’s and Three Stories,Truman Capote,"Capote, Truman",,"=""""","=""""",5,3.85,Vintage Books,Paperback,142,1993,1958,2020/02/19,2020/02/16,,,read,,,,1,0
15818107,Orphan Train,Christina Baker Kline,"Kline, Christina Baker",,"=""""","=""""",5,4.20,William Morrow Paperbacks,Paperback,278,2013,2013,2020/02/13,2020/02/10,historical-fiction,historical-fiction (#3),read,,,,1,0
48328,Revolutionary Road,Richard Yates,"Yates, Richard",,"=""""","=""""",3,3.93,Methuen,Paperback,355,2001,1961,,2019/11/10,,,read,,,,2,0
42519313,Nothing to See Here,Kevin    Wilson,"Wilson, Kevin",,"=""0062913484""","=""9780062913487""",4,3.96,Ecco,ebook,288,2019,2019,2019/11/17,2019/11/11,,,read,,,,1,0
608287,Jesus’ Son,Denis Johnson,"Johnson, Denis",,"=""0060975776""","=""9780060975777""",0,4.12,Perennial,Mass Market Paperback,160,1993,1992,,2019/11/15,to-read,to-read (#25),to-read,,,,0,0
7930947,Rebel Buddha: On the Road to Freedom,Dzogchen Ponlop,"Ponlop, Dzogchen",,"=""1590308743""","=""9781590308745""",0,4.05,Shambhala,Hardcover,224,2010,2010,,2019/10/10,to-read,to-read (#24),to-read,,,,0,0
133518,The Things They Carried,Tim O'Brien,"O'Brien, Tim",,"=""0767902890""","=""9780767902892""",5,4.15,Broadway,Paperback,246,1998,1990,2019/10/10,2011/11/06,,,read,,,,1,0
42270835,The Nickel Boys,Colson Whitehead,"Whitehead, Colson",,"=""""","=""""",5,4.25,Doubleday,ebook,213,2019,2019,2019/08/03,2019/07/20,,,read,,,,1,0
374233,If on a Winter's Night a Traveler,Italo Calvino,"Calvino, Italo",William Weaver,"=""""","=""""",0,4.01,L&OD Key Porter,Paperback,260,1982,1979,,2019/07/21,to-read,to-read (#23),to-read,,,,0,0
243598,The Sheltering Sky,Paul Bowles,"Bowles, Paul",,"=""0141023422""","=""9780141023427""",4,3.88,Penguin Books,Paperback,342,2007,1949,2019/07/18,2019/07/05,,,read,,,,1,0
96642,Rocket Boys (Coalwood #1),Homer Hickam,"Hickam, Homer",,"=""0385333218""","=""9780385333214""",0,4.21,Delta,Paperback,368,2000,1998,,2019/07/12,to-read,to-read (#22),to-read,,,,0,0
42201996,"Ask Again, Yes",Mary Beth Keane,"Keane, Mary Beth",,"=""1982106980""","=""9781982106980""",5,3.93,Scribner,Hardcover,388,2019,2019,2019/07/10,2019/07/05,,,read,,,,1,0
37539457,Normal People,Sally Rooney,"Rooney, Sally",,"=""0571334644""","=""9780571334643""",4,3.81,Faber & Faber,Hardcover,266,2018,2018,,2019/05/17,literary-fiction,literary-fiction (#15),read,,,,1,0
13613885,La metamorfosis,Franz Kafka,"Kafka, Franz",,"=""8420651362""","=""9788420651361""",3,3.91,Alianza Editorial,Paperback,125,2012,1915,,2019/05/09,,,read,,,,1,0
485894,The Metamorphosis,Franz Kafka,"Kafka, Franz",Stanley Corngold,"=""0553213695""","=""9780553213690""",3,3.91,Bantam Classics,Mass Market Paperback,201,1972,1915,,2019/01/25,,,read,,,,1,0
19117,Fathers and Sons,Ivan Turgenev,"Turgenev, Ivan","Jane Costlow, George Reavy","=""""","=""""",0,4.00,Signet,Mass Market Paperback,244,2005,1862,,2019/05/09,,,read,,,,1,0
2179336,The Secret Sharer,Joseph Conrad,"Conrad, Joseph",,"=""1599869004""","=""9781599869001""",4,3.63,FQ Publishing,Paperback,64,2007,1910,,2012/06/07,classics,classics (#5),read,,,,1,0
106931,I Heard the Owl Call My Name,Margaret Craven,"Craven, Margaret",,"=""1550413392""","=""9781550413397""",5,4.05,Fitzhenry & Whiteside Ltd,Paperback,145,2005,1967,,2019/02/05,literary-fiction,literary-fiction (#14),read,,,,1,0
23346759,Truckers (Bromeliad Trilogy #1),Terry Pratchett,"Pratchett, Terry",Mark   Beech,"=""0552573337""","=""9780552573337""",3,3.96,Corgi,Paperback,320,2015,1989,2019/01/31,2019/01/30,sci-fi,sci-fi (#4),read,,,,1,0
18774964,A Man Called Ove,Fredrik Backman,"Backman, Fredrik",Henning Koch,"=""1476738017""","=""9781476738017""",5,4.38,Atria Books,Hardcover,337,2014,2012,2019/01/25,2019/01/22,fiction,fiction (#22),read,,,,1,0
35297339,Asymmetry,Lisa Halliday,"Halliday, Lisa",,"=""150116676X""","=""9781501166761""",4,3.42,Simon & Schuster,Hardcover,277,2018,2018,2019/01/08,2019/01/05,literary-fiction,literary-fiction (#13),read,,,,1,0
5113,Franny and Zooey,J.D. Salinger,"Salinger, J.D.",,"=""0316769029""","=""9780316769020""",3,3.96,Back Bay Books,Paperback,201,2001,1957,2019/01/20,2019/01/22,fiction,fiction (#21),read,,,,1,0
14548666,A Room of One's Own,Virginia Woolf,"Woolf, Virginia",,"=""1614272778""","=""9781614272779""",4,4.22,Lightning Source Inc,Paperback,114,2012,1929,1992/01/01,2019/01/22,feminist,feminist (#6),read,,,,1,0
457264,The Second Sex,Simone de Beauvoir,"Beauvoir, Simone de","H.M. Parshley, Deirdre Bair","=""0679724516""","=""9780679724513""",5,4.18,Vintage,Paperback,746,1989,1949,1992/01/01,2019/01/22,feminist,feminist (#5),read,,,,1,0
2926203,The Creation of Patriarchy (Women and History),Gerda Lerner,"Lerner, Gerda",,"=""0195039963""","=""9780195039962""",4,4.37,Oxford University Press,Hardcover,368,1986,1986,1992/01/01,2019/01/22,feminist,feminist (#2),read,,,,1,0
1596708,Herland,Charlotte Perkins Gilman,"Gilman, Charlotte Perkins",,"=""0394503880""","=""9780394503882""",2,3.48,Pantheon Books,Hardcover,,1979,1915,1992/01/01,2019/01/22,feminist,feminist (#3),read,,,,1,0
499351,The Female Experience: An American Documentary,Gerda Lerner,"Lerner, Gerda",,"=""0195072588""","=""9780195072587""",4,4.43,Oxford University Press,Paperback,560,1992,1977,1992/01/01,2019/01/22,feminist,feminist (#4),read,,,,1,0
31244,Our Mutual Friend,Charles Dickens,"Dickens, Charles",Richard Gaughan,"=""0375761144""","=""9780375761140""",4,4.09,Modern Library,Paperback,801,2002,1865,2019/01/01,2019/01/08,classics,classics (#21),read,,,,1,0
5797,Vanity Fair,William Makepeace Thackeray,"Thackeray, William Makepeace",John Carey,"=""0141439831""","=""9780141439839""",3,3.81,Penguin Books,Paperback,867,2003,1847,2018/12/01,2019/01/08,classics,classics (#20),read,,,,1,0
6969,Emma,Jane Austen,"Austen, Jane",Fiona Stafford,"=""0141439580""","=""9780141439587""",2,4.05,Penguin Books,Paperback,474,2003,1815,2019/01/01,2019/01/08,classics,classics (#19),read,,,,1,0
10210,Jane Eyre,Charlotte Brontë,"Brontë, Charlotte",Michael Mason,"=""0142437204""","=""9780142437209""",5,4.16,Penguin,Paperback,532,2003,1847,2018/10/01,2019/01/08,classics,classics (#18),read,,,,1,0
76611,A Natural History of the Senses,Diane Ackerman,"Ackerman, Diane",,"=""0679735666""","=""9780679735663""",5,4.15,Vintage,Trade Paperback,352,1991,1990,,2011/11/06,non-fiction,non-fiction (#2),read,,,,1,0
11250317,The Song of Achilles,Madeline Miller,"Miller, Madeline",,"=""1408816032""","=""9781408816035""",4,4.30,Bloomsbury Publishing,Hardcover,352,2011,2011,2018/08/03,2018/08/08,classics,classics (#16),read,,,,1,0
22237161,The Sellout,Paul Beatty,"Beatty, Paul",,"=""0374260508""","=""9780374260507""",0,3.74,"Farrar, Straus and Giroux",Hardcover,289,2015,2015,,2017/09/23,"to-read, literary-fiction","to-read (#21), literary-fiction (#12)",to-read,,,,0,0
3836,Don Quixote,Miguel de Cervantes Saavedra,"Saavedra, Miguel de Cervantes","Roberto González Echevarría, John Rutherford","=""""","=""""",0,3.91,Penguin Books,Paperback,1023,2003,1615,,2017/09/23,"to-read, classics","to-read (#20), classics (#15)",to-read,,,,0,0
19312,The Brothers Lionheart,Astrid Lindgren,"Lindgren, Astrid","Jill Morgan, Ilon Wikland","=""1930900244""","=""9781930900240""",0,4.35,Purple House Inc,Hardcover,231,2004,1973,,2017/05/29,to-read,to-read (#19),to-read,,,,0,0
38447,"The Handmaid’s Tale (The Handmaid's Tale, #1)",Margaret Atwood,"Atwood, Margaret",,"=""038549081X""","=""9780385490818""",4,4.15,Anchor Books,Paperback,311,1998,1985,2011/10/30,2011/10/09,"classics, dystopia","classics (#8), dystopia (#2)",read,,,,2,0
1234382,The Swimmer,John Cheever,"Cheever, John",,"=""0517125870""","=""9780517125878""",0,4.03,Random House Value Publishing,Hardcover,12,1994,1964,,2016/01/01,short-stories,short-stories (#3),read,,,,1,0
23743588,The Midnight Meat Train,Clive Barker,"Barker, Clive","Jeff Buhler, Phil Stokes, Sarah Stokes","=""""","=""""",5,4.13,Dark Regions Press,Hardcover,216,2014,2014,,2015/11/28,"horror, short-stories","horror (#1), short-stories (#2)",read,,,,1,0
703,The Plot Against America,Philip Roth,"Roth, Philip",,"=""1400079497""","=""9781400079490""",0,3.82,Vintage International,Paperback,391,2005,2004,,2017/04/30,to-read,to-read (#18),to-read,,,,0,0
5470,1984,George Orwell,"Orwell, George",,"=""""","=""""",0,4.20,New American Library,Mass Market Paperback,328,1950,1948,,2017/04/30,to-read,to-read (#17),to-read,,,,0,0
7613,Animal Farm,George Orwell,"Orwell, George","Ann Patchett, Téa Obreht","=""""","=""""",4,4.02,Plume,Paperback,129,2003,1945,,2015/11/28,"classics, dystopia","classics (#12), dystopia (#3)",read,,,,1,0
34441095,Ties,Domenico Starnone,"Starnone, Domenico",,"=""""","=""""",4,3.95,Europa Editions,Kindle Edition,144,2017,2014,2017/04/01,2017/04/01,literary-fiction,literary-fiction (#11),read,,,,1,0
25899336,When Breath Becomes Air,Paul Kalanithi,"Kalanithi, Paul",Abraham   Verghese,"=""0812988418""","=""9780812988413""",0,4.41,Random House,Kindle Edition,208,2016,2016,,2017/01/13,"to-read, non-fiction","to-read (#16), non-fiction (#13)",to-read,,,,0,0
25814394,All the Single Ladies,Rebecca Traister,"Traister, Rebecca",,"=""1476716560""","=""9781476716565""",0,4.00,Simon & Schuster,Hardcover,339,2016,2016,,2017/01/13,"to-read, non-fiction","to-read (#15), non-fiction (#12)",to-read,,,,0,0
11650,American Pastoral,Philip Roth,"Roth, Philip",,"=""""","=""""",0,3.95,Vintage,Paperback,432,1998,1997,,2016/12/21,to-read,to-read (#14),to-read,,,,0,0
28214365,Commonwealth,Ann Patchett,"Patchett, Ann",,"=""0062491792""","=""9780062491794""",4,3.83,Harper,Hardcover,322,2016,2016,,2016/12/21,,,read,,,,1,0
13526165,"Where'd You Go, Bernadette",Maria Semple,"Semple, Maria",,"=""0316204277""","=""9780316204279""",1,3.87,"Little, Brown and Company",Hardcover,330,2012,2012,2016/11/27,2016/11/20,fiction,fiction (#19),read,,,,1,0
3015764,Indignation,Philip Roth,"Roth, Philip",,"=""054705484X""","=""9780547054841""",0,3.78,Houghton Mifflin Harcourt,Hardcover,235,2008,2008,,2016/11/20,to-read,to-read (#13),to-read,,,,0,0
26893819,The Girls,Emma Cline,"Cline, Emma",,"=""081299860X""","=""9780812998603""",1,3.51,Random House,Hardcover,355,2016,2016,,2016/11/12,fiction,fiction (#17),read,,,,1,0
23878,Chronicle of a Death Foretold,Gabriel García Márquez,"Márquez, Gabriel García",Gregory Rabassa,"=""140003471X""","=""9781400034710""",0,3.97,Vintage,Paperback,120,2003,1981,,2016/10/22,to-read,to-read (#12),to-read,,,,0,0
16328,"The Murder of Roger Ackroyd (Hercule Poirot, #4)",Agatha Christie,"Christie, Agatha",,"=""1579126278""","=""9781579126278""",0,4.26,Black Dog & Leventhal Pub,Hardcover,288,2006,1926,,2016/10/22,to-read,to-read (#11),to-read,,,,0,0
243401,"The Franchise Affair (Inspector Alan Grant, #3)",Josephine Tey,"Tey, Josephine",Robert Barnard,"=""0684842564""","=""9780684842561""",0,3.96,Scribner,Paperback,304,1998,1948,,2016/10/22,to-read,to-read (#10),to-read,,,,0,0
27833670,Dark Matter,Blake Crouch,"Crouch, Blake",,"=""1101904224""","=""9781101904220""",3,4.13,Ballantine Books,Hardcover,342,2016,2016,,2016/09/25,thriller,thriller (#2),read,,,,1,0
18893115,All The King's Men,Robert Penn Warren,"Warren, Robert Penn",,"=""""","=""""",4,4.09,Mariner Books Classics,Kindle Edition,662,1996,1946,2016/09/01,2016/09/11,literary-fiction,literary-fiction (#10),read,,,,1,0
22557272,The Girl on the Train,Paula Hawkins,"Hawkins, Paula",,"=""1594633665""","=""9781594633669""",3,3.96,Riverhead Books,Hardcover,336,2015,2015,2016/09/01,2016/09/11,fiction,fiction (#16),read,,,,1,0
29975458,Good as Gone,Amy Gentry,"Gentry, Amy",,"=""0544920953""","=""9780544920958""",2,3.45,Houghton Mifflin Harcourt,Hardcover,273,2016,2016,2016/08/14,2016/08/14,,,read,,,,1,0
28676,American Psycho,Bret Easton Ellis,"Ellis, Bret Easton",,"=""0679735771""","=""9780679735779""",0,3.80,Vintage Contemporaries,Paperback,399,1991,1991,,2016/08/13,to-read,to-read (#9),to-read,,,,0,0
24612118,Fates and Furies,Lauren Groff,"Groff, Lauren",,"=""1594634475""","=""9781594634475""",4,3.59,Riverhead Books,Hardcover,390,2015,2015,,2016/05/10,,,read,,,,1,0
28273975,Chicxulub,T. Coraghessan Boyle,"Boyle, T. Coraghessan",,"=""""","=""""",5,4.47,,Audiobook,,,2004,,2016/03/11,short-stories,short-stories (#1),read,,,,1,0
11989,The Plague,Albert Camus,"Camus, Albert",Stuart Gilbert,"=""""","=""""",0,4.02,Vintage International,Paperback,308,1991,1947,,2016/02/26,classics,classics (#14),read,,,,1,0
331319,An American Tragedy,Theodore Dreiser,"Dreiser, Theodore",Richard R. Lingeman,"=""0451527704""","=""9780451527707""",3,3.97,Signet Classics,Mass Market Paperback,859,2000,1925,2016/01/01,2015/12/06,classics,classics (#13),read,,,,1,0
7624,Lord of the Flies,William Golding,"Golding, William",,"=""0140283331""","=""9780140283334""",4,3.70,Penguin Books ,Paperback,182,1999,1954,,2015/10/03,classics,classics (#10),read,,,,1,0
43945,Portnoy’s Complaint,Philip Roth,"Roth, Philip",,"=""""","=""""",3,3.70,Vintage,Paperback,274,1995,1969,,2015/10/23,literary-fiction,literary-fiction (#4),read,,,,1,0
25147754,Between the World and Me,Ta-Nehisi Coates,"Coates, Ta-Nehisi",,"=""0147520509""","=""9780147520500""",4,4.40,Random House Audio,Audiobook,4,2015,2015,,2015/10/03,non-fiction,non-fiction (#10),read,,,,1,0
1105956,Gomorrah,Roberto Saviano,"Saviano, Roberto",Virginia Jewiss,"=""0374165270""","=""9780374165277""",4,3.80,"Farrar, Straus and Giroux",Hardcover,320,2007,2006,2015/01/01,2015/10/03,true-crime,true-crime (#4),read,,,,1,0
124509,Smilla's Sense of Snow,Peter Høeg,"Høeg, Peter",Tiina Nunnally,"=""0385315147""","=""9780385315142""",0,3.73,Random House Publishing Group,Paperback,480,1995,1992,,2015/07/26,fiction,fiction (#15),read,,,,1,0
21480930,Gone Girl,Gillian Flynn,"Flynn, Gillian",,"=""0553418351""","=""9780553418354""",1,4.15,Broadway Books,Mass Market Paperback,560,2014,2012,,2014/11/22,fiction,fiction (#13),read,,,,1,0
18050134,Trying Not to Try: The Art and Science of Spontaneity,Edward Slingerland,"Slingerland, Edward",,"=""0770437613""","=""9780770437619""",0,3.74,Crown,Hardcover,304,2014,2014,,2014/03/23,"non-fiction, to-read","non-fiction (#9), to-read (#8)",to-read,,,,0,0
18465585,"Dragnet Nation: A Quest for Privacy, Security, and Freedom in a World of Relentless Surveillance",Julia Angwin,"Angwin, Julia",,"=""0805098070""","=""9780805098075""",0,3.68,Times Books,Hardcover,304,2014,2014,,2014/03/23,"to-read, non-fiction","to-read (#7), non-fiction (#8)",to-read,,,,0,0
2657,To Kill a Mockingbird,Harper Lee,"Lee, Harper",,"=""0060935464""","=""9780060935467""",4,4.26,Harper Perennial Modern Classics ,Paperback,323,2006,1960,,2014/03/04,classics,classics (#9),read,,,,1,0
256008,"Lonesome Dove (Lonesome Dove, #1)",Larry McMurtry,"McMurtry, Larry",,"=""067168390X""","=""9780671683900""",5,4.58,Pocket Books,Mass Market Paperback,960,1999,1985,2014/02/01,2011/10/09,,,read,,,,1,0
168642,In Cold Blood,Truman Capote,"Capote, Truman",,"=""0679745580""","=""9780679745587""",4,4.09,Vintage,Paperback,343,1994,1966,2012/12/21,2012/12/21,true-crime,true-crime (#2),read,,,,1,0
32234,White Oleander,Janet Fitch,"Fitch, Janet",,"=""0316182540""","=""9780316182546""",0,4.00,"Little, Brown and Company",Mass Market Paperback,446,2001,1999,,2013/12/01,to-read,to-read (#6),to-read,,,,0,0
227711,I Know This Much Is True,Wally Lamb,"Lamb, Wally",,"=""0060987561""","=""9780060987565""",0,4.21,HarpPeren,Paperback,897,1999,1998,,2013/12/01,to-read,to-read (#5),to-read,,,,0,0
10917,My Sister's Keeper,Jodi Picoult,"Picoult, Jodi",,"=""0743454537""","=""9780743454537""",0,4.11,Atria/Emily Bestler Books,Paperback,423,2005,2004,,2013/12/01,to-read,to-read (#4),to-read,,,,0,0
17262100,The Lowland,Jhumpa Lahiri,"Lahiri, Jhumpa",,"=""0307265749""","=""9780307265746""",1,3.88,Knopf,Hardcover,340,2013,2013,2013/12/01,2013/11/27,fiction,fiction (#10),read,,,,1,0
16158498,Give and Take: A Revolutionary Approach to Success,Adam M. Grant,"Grant, Adam M.",,"=""0670026557""","=""9780670026555""",3,4.07,Viking,Hardcover,320,2013,2013,,2013/10/20,non-fiction,non-fiction (#4),read,,,,1,0
908311,The Female Man,Joanna Russ,"Russ, Joanna",,"=""0807063134""","=""9780807063132""",2,3.46,Beacon Press,Paperback,214,1997,1975,,2013/10/20,sci-fi,sci-fi (#2),read,,,,1,0
25354,Bastard Out of Carolina,Dorothy Allison,"Allison, Dorothy",,"=""0452287057""","=""9780452287051""",5,4.14,Plume,Mass Market Paperback,320,2005,1992,,2013/10/20,,,read,,,,1,0
15701217,The Woman Upstairs,Claire Messud,"Messud, Claire",,"=""0307596907""","=""9780307596901""",1,3.31,A. A. Knopf,Hardcover,253,2013,2013,2013/06/30,2013/06/30,fiction,fiction (#9),read,,,,1,0
7667756,The Good Son,Michael Gruber,"Gruber, Michael",,"=""0805091289""","=""9780805091281""",3,3.79,Henry Holt and Co.,Hardcover,400,2010,2009,,2013/02/01,thriller,thriller (#1),read,,,,1,0
6658129,Tokyo Vice: An American Reporter on the Police Beat in Japan,Jake Adelstein,"Adelstein, Jake",,"=""0307378799""","=""9780307378798""",0,3.90,Pantheon,Hardcover,335,2009,2009,,2013/01/24,to-read,to-read (#3),to-read,,,,0,0
12262741,Wild: From Lost to Found on the Pacific Crest Trail,Cheryl Strayed,"Strayed, Cheryl",,"=""0307592731""","=""9780307592736""",4,4.07,Knopf,Hardcover,336,2012,2012,,2012/11/19,,,read,,,,1,0
52036,Siddhartha,Hermann Hesse,"Hesse, Hermann",Hilda Rosner,"=""""","=""""",4,4.08,Bantam Books,Mass Market Paperback,152,1981,1922,2012/10/01,2011/11/06,classics,classics (#5),read,,,,1,0
4381,Fahrenheit 451,Ray Bradbury,"Bradbury, Ray",,"=""0307347974""","=""9780307347978""",1,3.97,DeBolsillo,Mass Market Paperback,158,2004,1953,2012/01/01,2012/10/05,sci-fi,sci-fi (#1),read,,,,1,0
8491980,People Who Eat Darkness: The Fate of Lucie Blackman,Richard Lloyd Parry,"Parry, Richard Lloyd",,"=""0224079174""","=""9780224079174""",5,3.79,Jonathan Cape,Hardcover,404,2011,2010,2012/10/03,2012/10/05,true-crime,true-crime (#1),read,,,,1,0
4900,Heart of Darkness,Joseph Conrad,"Conrad, Joseph",,"=""1892295490""","=""9781892295491""",4,3.43,Green Integer,Paperback,188,2003,1899,,2012/06/07,classics,classics (#5),read,,,,1,0
1102322,The Stone Angel,Margaret Laurence,"Laurence, Margaret",Adele Wiseman,"=""0771099894""","=""9780771099892""",0,3.78,McClelland & Steward,Paperback,316,1988,1964,,2012/01/16,to-read,to-read (#2),to-read,,,,0,0
4162673,"The Private Patient (Adam Dalgliesh, #14)",P.D. James,"James, P.D.",,"=""0571242448""","=""9780571242443""",2,3.81,Faber & Faber,Hardcover,416,2008,2008,,2011/12/26,,,read,,,,1,0
9717,The Unbearable Lightness of Being,Milan Kundera,"Kundera, Milan",Michael Henry Heim,"=""0571224385""","=""9780571224388""",4,4.10,Harper Perennial,Paperback,314,2009,1984,,2011/12/26,,,read,,,,1,0
3412,The Thorn Birds,Colleen McCullough,"McCullough, Colleen",,"=""""","=""""",0,4.25,Avon Books,Mass Market Paperback,692,1977,1977,,2011/11/06,to-read,to-read (#1),to-read,,,,0,0
11734,"The Human Stain (The American Trilogy, #3)",Philip Roth,"Roth, Philip",,"=""""","=""""",4,3.92,Vintage,Paperback,361,2001,2000,,2011/11/06,,,read,,,,1,0
10920,Cold Mountain,Charles Frazier,"Frazier, Charles",,"=""0802142842""","=""9780802142849""",3,3.89,Grove Press,Paperback,449,2006,1997,,2011/10/09,historical-fiction,historical-fiction (#2),read,,,,1,0
5107,The Catcher in the Rye,J.D. Salinger,"Salinger, J.D.",,"=""0316769177""","=""9780316769174""",4,3.80,Back Bay Books,Paperback,277,2001,1951,,2011/10/09,classics,classics (#2),read,,,,1,0
781787,Out of Africa,Isak Dinesen,"Dinesen, Isak",Karen Blixen,"=""0679600213""","=""9780679600213""",4,3.91,The Modern Library,Hardcover,416,1992,1937,,2011/11/06,memoir,memoir (#2),read,,,,1,0
41918,There are No Children Here: The Story of Two Boys Growing Up in the Other America,Alex Kotlowitz,"Kotlowitz, Alex",,"=""0385265565""","=""9780385265560""",4,4.30,Anchor Books,Unknown Binding,323,2011,1991,,2011/11/06,"non-fiction, poverty","non-fiction (#1), poverty (#1)",read,,,,1,0
51799,The Decameron,Giovanni Boccaccio,"Boccaccio, Giovanni",G.H. McWilliam,"=""0140449302""","=""9780140449303""",4,3.88,Penguin Books,Paperback,909,2003,1349,,2011/11/06,classics,classics (#7),read,,,,1,0
65211,Christ Stopped at Eboli: The Story of a Year,Carlo Levi,"Levi, Carlo","Mark Rotella, Frances Frenaye","=""0374530092""","=""9780374530099""",4,4.12,"Farrar, Straus and Giroux",Paperback,275,2006,1945,,2011/11/06,"poverty, memoir","poverty (#2), memoir (#3)",read,,,,1,0
10161190,This Beautiful Life,Helen Schulman,"Schulman, Helen",,"=""0062024388""","=""9780062024381""",1,3.03,Harper,Hardcover,225,2011,2011,2011/10/16,2011/10/09,fiction,fiction (#2),read,,,,1,0
37435,The Secret Life of Bees,Sue Monk Kidd,"Kidd, Sue Monk",,"=""0142001740""","=""9780142001745""",2,4.10,Penguin Books,Paperback,352,2003,2001,2011/11/02,2011/10/09,fiction,fiction (#1),read,,,,1,0
33917,The Namesake,Jhumpa Lahiri,"Lahiri, Jhumpa",,"=""0618485228""","=""9780618485222""",4,4.02,Mariner,Paperback,304,2003,2003,,2011/10/09,literary-fiction,literary-fiction (#1),read,,,,1,0
51019,Cat’s Eye,Margaret Atwood,"Atwood, Margaret",,"=""0385491026""","=""9780385491020""",3,3.95,Anchor,Paperback,462,1998,1988,,2011/10/09,literary-fiction,literary-fiction (#2),read,,,,1,0
37470,"The Other Boleyn Girl (The Plantagenet and Tudor Novels, #9)",Philippa Gregory,"Gregory, Philippa",,"=""""","=""""",3,4.09,Washington Square Press,Paperback,661,2003,2001,,2011/10/09,historical-fiction,historical-fiction (#1),read,,,,1,0
7331435,A Visit from the Goon Squad,Jennifer Egan,"Egan, Jennifer",,"=""0307592839""","=""9780307592835""",4,3.70,Knopf,Hardcover,274,2010,2010,2011/10/09,2011/10/09,fiction,fiction (#3),read,,,,1,0
4671,The Great Gatsby,F. Scott Fitzgerald,"Fitzgerald, F. Scott",,"=""0743273567""","=""9780743273565""",4,3.93,Scribner,Paperback,180,1925,1925,,2011/10/09,classics,classics (#1),read,,,,1,0
12232938,The Lovely Bones,Alice Sebold,"Sebold, Alice",,"=""0316166685""","=""9780316166683""",4,3.86,"Little, Brown and Company",Mass Market Paperback,372,2006,2002,,2011/10/09,fiction,fiction (#5),read,,,,1,0
